1;1;2022-11-08;2022-11-09
1;3;2022-01-10;2022-02-09
2;2;2023-07-20;2023-07-27
3;3;2022-11-12;2022-12-12
4;4;2024-10-15;2025-10-15
4;4;2024-05-06;2025-05-06
5;3;2024-11-15;2024-12-15
5;1;2024-03-17;2024-03-18
5;3;2024-01-27;2024-02-26
6;4;2023-08-08;2024-08-07
6;4;2023-06-05;2024-06-04
7;3;2024-02-16;2024-03-17
7;3;2023-12-04;2024-01-03
8;5;2024-01-16;2024-02-15
9;5;2024-02-12;2024-03-13
9;5;2022-08-14;2022-09-13
10;2;2022-07-21;2022-07-28
10;4;2023-01-21;2024-01-21
11;1;2024-08-03;2024-08-04
11;2;2023-07-25;2023-08-01
12;3;2024-04-02;2024-05-02
12;6;2024-08-02;2025-08-02
13;6;2022-06-25;2023-06-25
13;4;2023-09-27;2024-09-26
14;1;2024-01-10;2024-01-11
15;1;2022-12-17;2022-12-18
16;6;2022-04-09;2023-04-09
17;6;2023-01-07;2024-01-07
18;2;2024-06-18;2024-06-25
19;1;2024-05-09;2024-05-10
19;2;2023-07-08;2023-07-15
19;1;2024-09-19;2024-09-20
20;4;2022-10-20;2023-10-20
21;6;2023-08-13;2024-08-12
21;6;2024-09-24;2025-09-24
21;3;2023-06-16;2023-07-16
22;5;2023-06-09;2023-07-09
22;3;2024-03-06;2024-04-05
23;1;2022-02-23;2022-02-24
24;2;2023-02-14;2023-02-21
25;1;2023-06-23;2023-06-24
25;6;2023-05-10;2024-05-09
26;4;2023-12-13;2024-12-12
26;1;2023-04-04;2023-04-05
26;6;2023-05-09;2024-05-08
27;3;2023-11-01;2023-12-01
27;2;2022-01-06;2022-01-13
27;3;2023-12-21;2024-01-20
28;5;2023-06-18;2023-07-18
28;5;2023-04-01;2023-05-01
29;2;2023-07-15;2023-07-22
29;6;2022-01-27;2023-01-27
30;5;2022-03-28;2022-04-27
31;6;2024-02-17;2025-02-16
31;6;2022-06-04;2023-06-04
32;6;2022-09-15;2023-09-15
32;6;2022-11-04;2023-11-04
33;4;2024-06-13;2025-06-13
33;3;2022-04-06;2022-05-06
33;1;2024-06-17;2024-06-18
34;5;2024-09-23;2024-10-23
35;1;2022-06-27;2022-06-28
35;4;2022-11-20;2023-11-20
36;5;2023-07-05;2023-08-04
36;5;2023-05-09;2023-06-08
37;6;2023-10-23;2024-10-22
38;2;2022-07-17;2022-07-24
39;4;2024-02-22;2025-02-21
39;5;2023-09-20;2023-10-20
39;4;2023-07-10;2024-07-09
40;6;2024-07-21;2025-07-21
40;3;2022-06-23;2022-07-23
41;6;2022-06-26;2023-06-26
42;5;2023-03-06;2023-04-05
42;2;2024-05-25;2024-06-01
43;3;2024-07-22;2024-08-21
44;3;2022-07-20;2022-08-19
44;2;2023-02-15;2023-02-22
45;6;2023-04-15;2024-04-14
45;2;2023-11-26;2023-12-03
46;2;2022-06-09;2022-06-16
47;6;2022-09-26;2023-09-26
47;5;2023-12-01;2023-12-31
47;2;2024-01-05;2024-01-12
48;3;2022-01-12;2022-02-11
48;6;2022-05-24;2023-05-24
49;5;2024-02-04;2024-03-05
49;1;2022-04-15;2022-04-16
49;4;2023-02-16;2024-02-16
50;1;2023-10-13;2023-10-14
50;3;2023-01-17;2023-02-16
51;2;2024-02-08;2024-02-15
51;4;2022-12-17;2023-12-17
51;1;2024-08-02;2024-08-03
52;3;2023-05-16;2023-06-15
53;1;2023-09-02;2023-09-03
53;3;2022-12-25;2023-01-24
54;1;2023-08-28;2023-08-29
55;4;2022-12-20;2023-12-20
56;1;2022-05-12;2022-05-13
56;2;2022-08-09;2022-08-16
56;2;2024-01-09;2024-01-16
57;5;2022-03-23;2022-04-22
58;3;2022-01-21;2022-02-20
58;4;2024-08-10;2025-08-10
58;2;2023-05-10;2023-05-17
59;4;2022-03-01;2023-03-01
60;2;2022-03-17;2022-03-24
60;1;2024-03-01;2024-03-02
61;6;2022-07-10;2023-07-10
61;1;2022-05-18;2022-05-19
62;5;2024-03-05;2024-04-04
63;5;2022-12-09;2023-01-08
64;5;2023-08-01;2023-08-31
64;3;2022-06-01;2022-07-01
65;4;2022-03-28;2023-03-28
65;5;2023-06-17;2023-07-17
66;2;2024-09-14;2024-09-21
67;1;2023-09-18;2023-09-19
68;1;2023-08-22;2023-08-23
68;3;2023-03-08;2023-04-07
68;4;2022-04-15;2023-04-15
69;1;2023-09-23;2023-09-24
70;4;2024-09-10;2025-09-10
70;5;2024-08-04;2024-09-03
71;6;2022-01-09;2023-01-09
71;2;2024-07-08;2024-07-15
71;6;2023-06-16;2024-06-15
72;3;2024-02-14;2024-03-15
73;1;2024-10-19;2024-10-20
73;6;2023-12-25;2024-12-24
73;1;2023-11-10;2023-11-11
74;5;2022-10-21;2022-11-20
75;5;2023-07-19;2023-08-18
75;4;2022-08-19;2023-08-19
76;3;2022-02-19;2022-03-21
76;4;2023-03-16;2024-03-15
77;2;2022-12-01;2022-12-08
77;1;2024-05-12;2024-05-13
78;5;2023-12-26;2024-01-25
78;6;2023-01-09;2024-01-09
79;1;2024-10-06;2024-10-07
79;1;2024-10-04;2024-10-05
80;1;2023-07-07;2023-07-08
81;1;2024-06-14;2024-06-15
82;1;2022-10-13;2022-10-14
82;1;2023-06-18;2023-06-19
82;6;2023-09-08;2024-09-07
83;4;2023-11-17;2024-11-16
83;4;2024-06-21;2025-06-21
83;4;2023-10-11;2024-10-10
84;1;2024-08-22;2024-08-23
84;1;2024-10-13;2024-10-14
85;3;2024-04-16;2024-05-16
85;1;2024-05-23;2024-05-24
86;4;2024-12-15;2025-12-15
86;2;2022-06-25;2022-07-02
87;5;2023-02-18;2023-03-20
87;1;2023-09-28;2023-09-29
87;6;2024-05-28;2025-05-28
88;1;2022-02-11;2022-02-12
88;6;2023-03-14;2024-03-13
89;5;2024-09-28;2024-10-28
89;3;2022-01-12;2022-02-11
89;4;2022-06-02;2023-06-02
90;6;2024-01-23;2025-01-22
90;6;2023-01-06;2024-01-06
91;5;2022-11-11;2022-12-11
91;5;2024-05-28;2024-06-27
91;2;2022-01-28;2022-02-04
92;6;2024-12-17;2025-12-17
93;5;2024-06-28;2024-07-28
94;2;2024-09-01;2024-09-08
94;6;2023-09-24;2024-09-23
95;3;2024-12-19;2025-01-18
95;4;2023-06-15;2024-06-14
96;4;2024-09-08;2025-09-08
96;5;2024-09-24;2024-10-24
97;3;2024-12-12;2025-01-11
97;6;2024-09-16;2025-09-16
98;2;2022-11-10;2022-11-17
98;1;2024-07-02;2024-07-03
99;1;2022-02-25;2022-02-26
99;1;2022-03-06;2022-03-07
99;1;2024-01-17;2024-01-18
100;5;2024-03-17;2024-04-16
100;6;2022-02-03;2023-02-03
100;6;2022-09-24;2023-09-24
101;6;2024-03-18;2025-03-18
101;4;2022-02-25;2023-02-25
101;2;2023-06-08;2023-06-15
102;6;2022-04-23;2023-04-23
103;3;2023-03-24;2023-04-23
104;2;2022-08-08;2022-08-15
105;5;2022-12-03;2023-01-02
106;1;2024-07-23;2024-07-24
106;1;2023-05-15;2023-05-16
107;1;2023-07-28;2023-07-29
107;4;2024-01-06;2025-01-05
108;2;2022-03-16;2022-03-23
109;3;2024-12-21;2025-01-20
109;3;2023-03-09;2023-04-08
110;3;2022-09-01;2022-10-01
110;1;2023-12-05;2023-12-06
111;4;2022-06-16;2023-06-16
111;5;2023-10-04;2023-11-03
112;5;2023-07-21;2023-08-20
113;3;2022-10-27;2022-11-26
113;3;2023-03-14;2023-04-13
114;4;2023-01-23;2024-01-23
115;5;2023-08-19;2023-09-18
115;2;2024-01-22;2024-01-29
116;1;2024-04-09;2024-04-10
116;4;2023-04-19;2024-04-18
117;2;2024-07-09;2024-07-16
117;4;2022-04-04;2023-04-04
118;6;2024-04-26;2025-04-26
118;2;2023-04-14;2023-04-21
119;4;2023-08-12;2024-08-11
120;1;2022-05-23;2022-05-24
121;2;2023-03-07;2023-03-14
122;6;2023-11-28;2024-11-27
122;2;2023-01-14;2023-01-21
122;3;2022-10-16;2022-11-15
123;5;2023-03-19;2023-04-18
123;3;2022-03-10;2022-04-09
124;6;2023-05-11;2024-05-10
124;1;2024-12-23;2024-12-24
124;5;2023-12-02;2024-01-01
125;1;2023-06-26;2023-06-27
125;4;2024-02-10;2025-02-09
126;5;2024-11-22;2024-12-22
126;4;2023-10-25;2024-10-24
127;1;2022-02-09;2022-02-10
127;2;2022-12-07;2022-12-14
128;5;2024-07-11;2024-08-10
128;6;2024-06-18;2025-06-18
128;1;2024-12-11;2024-12-12
129;1;2022-08-10;2022-08-11
130;1;2024-05-13;2024-05-14
130;4;2023-02-05;2024-02-05
130;3;2022-09-11;2022-10-11
131;1;2023-02-05;2023-02-06
132;6;2024-01-18;2025-01-17
132;1;2023-12-03;2023-12-04
132;3;2024-06-15;2024-07-15
133;3;2024-12-06;2025-01-05
133;5;2023-07-20;2023-08-19
133;3;2023-09-27;2023-10-27
134;4;2023-08-12;2024-08-11
134;5;2024-11-16;2024-12-16
134;4;2022-06-23;2023-06-23
135;4;2022-07-02;2023-07-02
136;3;2024-06-18;2024-07-18
136;6;2023-12-05;2024-12-04
136;3;2022-10-15;2022-11-14
137;2;2024-04-03;2024-04-10
137;4;2022-01-27;2023-01-27
137;4;2022-01-06;2023-01-06
138;3;2024-01-06;2024-02-05
138;3;2022-09-08;2022-10-08
139;6;2022-01-09;2023-01-09
139;3;2022-03-07;2022-04-06
140;3;2022-08-08;2022-09-07
140;2;2022-04-07;2022-04-14
141;5;2023-02-06;2023-03-08
141;4;2023-07-08;2024-07-07
141;2;2023-04-03;2023-04-10
142;6;2022-03-26;2023-03-26
142;2;2022-03-18;2022-03-25
143;2;2022-08-17;2022-08-24
144;5;2024-12-23;2025-01-22
144;4;2023-10-23;2024-10-22
145;6;2022-07-14;2023-07-14
145;3;2022-04-08;2022-05-08
146;2;2024-11-02;2024-11-09
146;5;2023-12-14;2024-01-13
146;3;2024-05-12;2024-06-11
147;2;2022-03-28;2022-04-04
148;6;2022-03-06;2023-03-06
148;4;2024-07-01;2025-07-01
149;2;2023-11-16;2023-11-23
149;6;2023-09-20;2024-09-19
150;1;2024-08-16;2024-08-17
150;2;2023-08-07;2023-08-14
151;2;2023-08-16;2023-08-23
151;5;2023-09-14;2023-10-14
152;5;2023-10-24;2023-11-23
153;5;2023-05-10;2023-06-09
153;1;2024-08-18;2024-08-19
154;1;2024-11-20;2024-11-21
155;6;2023-12-18;2024-12-17
155;2;2023-06-24;2023-07-01
155;4;2024-05-10;2025-05-10
156;6;2024-09-06;2025-09-06
156;6;2022-12-15;2023-12-15
156;2;2024-12-25;2025-01-01
157;2;2023-11-28;2023-12-05
158;1;2022-08-25;2022-08-26
158;4;2023-05-16;2024-05-15
158;6;2024-04-13;2025-04-13
159;2;2022-04-24;2022-05-01
159;3;2024-08-27;2024-09-26
159;3;2022-02-14;2022-03-16
160;6;2022-10-16;2023-10-16
161;1;2023-12-21;2023-12-22
161;6;2024-09-15;2025-09-15
161;2;2024-08-23;2024-08-30
162;6;2022-01-11;2023-01-11
163;3;2022-08-12;2022-09-11
163;4;2024-02-18;2025-02-17
163;3;2024-09-12;2024-10-12
164;4;2022-12-01;2023-12-01
164;6;2024-10-04;2025-10-04
165;2;2023-12-16;2023-12-23
166;4;2024-07-13;2025-07-13
167;5;2023-05-16;2023-06-15
167;2;2022-01-19;2022-01-26
168;5;2024-07-13;2024-08-12
168;1;2024-07-13;2024-07-14
169;3;2024-04-04;2024-05-04
169;1;2022-09-21;2022-09-22
169;2;2022-03-04;2022-03-11
170;6;2023-03-20;2024-03-19
170;5;2022-02-22;2022-03-24
170;1;2024-11-10;2024-11-11
171;6;2022-01-13;2023-01-13
172;6;2024-03-21;2025-03-21
173;5;2022-09-07;2022-10-07
173;4;2023-12-23;2024-12-22
173;1;2024-05-14;2024-05-15
174;4;2023-10-12;2024-10-11
174;1;2024-06-21;2024-06-22
175;6;2022-06-16;2023-06-16
175;3;2024-11-27;2024-12-27
176;1;2023-01-09;2023-01-10
176;5;2022-06-16;2022-07-16
177;5;2022-02-05;2022-03-07
177;2;2024-02-17;2024-02-24
177;4;2024-04-03;2025-04-03
178;6;2022-03-24;2023-03-24
178;3;2023-11-09;2023-12-09
179;2;2024-10-23;2024-10-30
179;6;2023-05-26;2024-05-25
180;4;2023-12-14;2024-12-13
180;2;2022-06-06;2022-06-13
180;3;2024-08-28;2024-09-27
181;5;2023-04-22;2023-05-22
181;2;2023-01-15;2023-01-22
181;5;2024-07-07;2024-08-06
182;5;2022-09-16;2022-10-16
183;5;2024-02-10;2024-03-11
183;3;2022-05-07;2022-06-06
183;2;2023-04-09;2023-04-16
184;4;2022-10-25;2023-10-25
184;3;2024-01-25;2024-02-24
185;4;2022-02-23;2023-02-23
185;2;2022-04-13;2022-04-20
185;4;2022-10-21;2023-10-21
186;4;2023-11-03;2024-11-02
186;2;2023-09-24;2023-10-01
186;5;2022-06-22;2022-07-22
187;6;2024-12-23;2025-12-23
187;3;2024-06-12;2024-07-12
187;5;2022-12-12;2023-01-11
188;5;2023-06-07;2023-07-07
189;3;2024-01-20;2024-02-19
189;5;2024-10-11;2024-11-10
189;5;2024-03-23;2024-04-22
190;3;2024-02-21;2024-03-22
190;1;2024-06-20;2024-06-21
190;4;2022-12-12;2023-12-12
191;3;2024-08-09;2024-09-08
191;5;2023-02-09;2023-03-11
192;1;2022-03-02;2022-03-03
193;4;2024-07-19;2025-07-19
193;4;2022-03-07;2023-03-07
194;5;2024-08-16;2024-09-15
194;4;2022-06-09;2023-06-09
194;3;2023-10-20;2023-11-19
195;4;2022-06-12;2023-06-12
196;3;2023-02-24;2023-03-26
196;1;2024-09-01;2024-09-02
197;6;2022-09-19;2023-09-19
197;6;2022-11-10;2023-11-10
198;4;2023-12-13;2024-12-12
199;3;2024-08-19;2024-09-18
199;2;2024-01-21;2024-01-28
199;5;2022-05-05;2022-06-04
200;5;2022-08-18;2022-09-17
201;5;2022-08-18;2022-09-17
201;6;2024-04-05;2025-04-05
201;6;2022-04-21;2023-04-21
202;1;2024-03-11;2024-03-12
203;6;2024-05-18;2025-05-18
203;4;2022-11-06;2023-11-06
204;2;2023-01-16;2023-01-23
204;6;2023-07-26;2024-07-25
205;5;2022-02-12;2022-03-14
205;6;2023-04-25;2024-04-24
205;4;2022-03-05;2023-03-05
206;6;2023-01-07;2024-01-07
207;1;2023-11-07;2023-11-08
208;5;2023-04-27;2023-05-27
208;2;2024-11-09;2024-11-16
208;4;2022-12-13;2023-12-13
209;4;2024-03-15;2025-03-15
210;5;2022-06-18;2022-07-18
210;2;2024-08-27;2024-09-03
211;3;2024-02-09;2024-03-10
211;3;2022-12-27;2023-01-26
211;4;2022-07-26;2023-07-26
212;3;2024-06-08;2024-07-08
212;1;2024-07-26;2024-07-27
212;4;2023-06-16;2024-06-15
213;3;2022-10-08;2022-11-07
214;1;2024-03-09;2024-03-10
214;4;2023-12-21;2024-12-20
215;5;2024-03-11;2024-04-10
215;3;2023-02-23;2023-03-25
216;2;2023-07-08;2023-07-15
217;2;2022-01-28;2022-02-04
217;3;2022-12-27;2023-01-26
218;3;2024-05-14;2024-06-13
218;6;2023-07-16;2024-07-15
218;5;2022-08-20;2022-09-19
219;5;2024-05-02;2024-06-01
219;1;2024-07-18;2024-07-19
219;1;2023-05-23;2023-05-24
220;1;2022-02-26;2022-02-27
220;1;2022-07-27;2022-07-28
220;3;2024-09-16;2024-10-16
221;3;2024-02-07;2024-03-08
221;4;2024-03-25;2025-03-25
222;4;2024-07-16;2025-07-16
223;5;2023-02-09;2023-03-11
223;3;2023-03-08;2023-04-07
223;5;2024-03-16;2024-04-15
224;6;2022-12-11;2023-12-11
224;6;2023-08-19;2024-08-18
225;5;2023-05-22;2023-06-21
225;3;2023-02-08;2023-03-10
226;6;2022-08-02;2023-08-02
226;1;2022-03-16;2022-03-17
227;4;2024-04-23;2025-04-23
227;3;2023-10-22;2023-11-21
228;2;2024-12-28;2025-01-04
228;5;2022-12-09;2023-01-08
228;1;2023-06-05;2023-06-06
229;2;2022-04-21;2022-04-28
230;6;2024-04-17;2025-04-17
231;6;2022-03-11;2023-03-11
231;4;2024-04-19;2025-04-19
231;2;2022-04-12;2022-04-19
232;2;2023-01-26;2023-02-02
233;1;2022-12-16;2022-12-17
233;4;2024-01-28;2025-01-27
234;2;2022-05-28;2022-06-04
234;1;2022-06-05;2022-06-06
234;6;2024-05-06;2025-05-06
235;5;2024-07-15;2024-08-14
235;1;2023-10-23;2023-10-24
236;1;2024-07-08;2024-07-09
236;3;2023-10-14;2023-11-13
237;3;2022-06-21;2022-07-21
237;2;2024-09-04;2024-09-11
237;6;2024-04-27;2025-04-27
238;5;2023-07-01;2023-07-31
239;6;2022-07-23;2023-07-23
239;4;2022-11-23;2023-11-23
239;2;2024-11-17;2024-11-24
240;6;2022-07-20;2023-07-20
240;4;2022-04-07;2023-04-07
241;1;2024-02-19;2024-02-20
241;4;2024-06-23;2025-06-23
241;4;2023-06-14;2024-06-13
242;5;2024-06-16;2024-07-16
242;1;2022-05-18;2022-05-19
243;4;2023-06-22;2024-06-21
244;2;2024-09-09;2024-09-16
244;5;2024-08-22;2024-09-21
244;1;2023-07-22;2023-07-23
245;1;2022-09-26;2022-09-27
245;6;2022-12-13;2023-12-13
246;6;2023-08-22;2024-08-21
246;4;2023-06-17;2024-06-16
247;4;2022-10-02;2023-10-02
247;3;2022-07-06;2022-08-05
247;6;2023-12-12;2024-12-11
248;5;2023-06-15;2023-07-15
248;6;2024-08-05;2025-08-05
248;5;2024-04-24;2024-05-24
249;1;2023-10-24;2023-10-25
250;5;2022-07-03;2022-08-02
250;3;2023-06-13;2023-07-13
251;4;2022-05-07;2023-05-07
252;1;2024-05-11;2024-05-12
252;6;2023-05-21;2024-05-20
253;5;2023-10-07;2023-11-06
253;3;2022-07-13;2022-08-12
253;3;2024-12-22;2025-01-21
254;6;2022-11-24;2023-11-24
254;4;2023-01-06;2024-01-06
255;4;2024-05-01;2025-05-01
256;2;2023-12-01;2023-12-08
256;2;2023-06-26;2023-07-03
256;2;2022-02-17;2022-02-24
257;5;2022-12-16;2023-01-15
257;3;2023-05-04;2023-06-03
258;2;2022-07-25;2022-08-01
259;3;2024-07-27;2024-08-26
260;6;2023-05-25;2024-05-24
261;4;2022-05-19;2023-05-19
261;4;2022-08-22;2023-08-22
261;2;2024-07-20;2024-07-27
262;4;2022-02-09;2023-02-09
262;5;2023-01-01;2023-01-31
262;1;2024-02-24;2024-02-25
263;1;2024-09-07;2024-09-08
264;4;2024-09-13;2025-09-13
265;5;2022-07-02;2022-08-01
265;2;2024-04-23;2024-04-30
266;2;2022-02-28;2022-03-07
266;2;2022-08-26;2022-09-02
267;3;2024-10-05;2024-11-04
268;4;2022-10-04;2023-10-04
268;4;2023-08-26;2024-08-25
268;5;2024-04-24;2024-05-24
269;4;2023-01-17;2024-01-17
269;5;2023-03-08;2023-04-07
269;1;2023-10-07;2023-10-08
270;6;2023-06-04;2024-06-03
271;4;2023-07-10;2024-07-09
271;5;2022-07-15;2022-08-14
271;4;2022-06-26;2023-06-26
272;3;2024-06-13;2024-07-13
273;4;2024-12-07;2025-12-07
273;6;2022-11-14;2023-11-14
274;2;2022-06-10;2022-06-17
274;1;2024-03-15;2024-03-16
274;1;2024-07-28;2024-07-29
275;4;2024-01-14;2025-01-13
275;1;2024-11-11;2024-11-12
275;4;2022-04-14;2023-04-14
276;5;2023-05-21;2023-06-20
277;4;2023-07-06;2024-07-05
278;2;2023-01-17;2023-01-24
278;1;2024-12-14;2024-12-15
279;3;2024-09-03;2024-10-03
280;5;2022-03-14;2022-04-13
280;1;2022-11-03;2022-11-04
280;1;2023-08-13;2023-08-14
281;1;2023-02-25;2023-02-26
281;2;2023-07-09;2023-07-16
281;3;2022-02-08;2022-03-10
282;5;2024-10-18;2024-11-17
283;2;2022-01-05;2022-01-12
283;5;2022-02-28;2022-03-30
284;2;2023-02-13;2023-02-20
285;4;2024-02-13;2025-02-12
286;3;2022-12-05;2023-01-04
286;2;2022-10-07;2022-10-14
286;4;2022-07-20;2023-07-20
287;6;2022-07-19;2023-07-19
287;1;2022-09-17;2022-09-18
287;6;2023-11-04;2024-11-03
288;1;2022-07-09;2022-07-10
288;3;2024-02-01;2024-03-02
288;4;2022-06-13;2023-06-13
289;5;2023-07-18;2023-08-17
289;2;2022-09-14;2022-09-21
290;3;2022-10-25;2022-11-24
290;3;2023-05-21;2023-06-20
290;3;2023-02-16;2023-03-18
291;6;2023-07-02;2024-07-01
292;2;2024-08-17;2024-08-24
293;5;2024-11-11;2024-12-11
293;5;2023-04-04;2023-05-04
294;1;2023-08-23;2023-08-24
294;2;2024-05-10;2024-05-17
295;2;2022-08-24;2022-08-31
295;5;2022-08-02;2022-09-01
296;4;2023-03-16;2024-03-15
296;6;2023-11-02;2024-11-01
296;4;2024-09-25;2025-09-25
297;3;2023-08-20;2023-09-19
298;3;2022-05-11;2022-06-10
298;1;2024-05-09;2024-05-10
299;2;2023-05-02;2023-05-09
299;5;2022-07-21;2022-08-20
300;4;2024-01-02;2025-01-01
300;1;2024-03-22;2024-03-23
300;1;2024-02-06;2024-02-07
301;1;2023-12-23;2023-12-24
302;3;2022-01-25;2022-02-24
302;3;2024-11-22;2024-12-22
303;4;2022-09-06;2023-09-06
303;4;2022-03-21;2023-03-21
303;3;2023-02-16;2023-03-18
304;4;2023-07-28;2024-07-27
305;3;2022-11-18;2022-12-18
305;6;2024-05-21;2025-05-21
306;2;2023-05-05;2023-05-12
307;3;2023-01-13;2023-02-12
307;5;2023-01-20;2023-02-19
307;3;2023-07-19;2023-08-18
308;5;2023-03-10;2023-04-09
309;2;2023-05-19;2023-05-26
309;3;2022-10-13;2022-11-12
310;3;2024-08-24;2024-09-23
310;1;2024-08-03;2024-08-04
310;5;2024-09-13;2024-10-13
311;2;2022-03-03;2022-03-10
311;3;2024-03-05;2024-04-04
312;1;2024-04-01;2024-04-02
313;4;2024-04-12;2025-04-12
313;1;2022-06-19;2022-06-20
313;1;2024-05-16;2024-05-17
314;2;2024-07-07;2024-07-14
314;1;2024-02-09;2024-02-10
315;2;2023-11-22;2023-11-29
315;6;2024-04-01;2025-04-01
315;6;2023-02-04;2024-02-04
316;2;2022-02-18;2022-02-25
316;6;2024-05-21;2025-05-21
316;5;2024-02-11;2024-03-12
317;2;2022-09-18;2022-09-25
317;1;2022-03-28;2022-03-29
318;5;2024-02-12;2024-03-13
319;1;2024-06-20;2024-06-21
319;1;2024-05-07;2024-05-08
319;1;2023-07-03;2023-07-04
320;4;2022-10-25;2023-10-25
321;2;2024-12-20;2024-12-27
321;2;2023-05-12;2023-05-19
321;5;2022-12-10;2023-01-09
322;1;2022-08-07;2022-08-08
323;3;2023-03-13;2023-04-12
323;5;2023-02-07;2023-03-09
324;3;2023-11-14;2023-12-14
324;2;2024-01-03;2024-01-10
324;2;2022-09-27;2022-10-04
325;3;2024-02-27;2024-03-28
325;2;2024-09-26;2024-10-03
326;1;2023-08-06;2023-08-07
326;6;2022-03-14;2023-03-14
327;1;2024-01-01;2024-01-02
327;5;2023-02-03;2023-03-05
328;2;2024-01-10;2024-01-17
328;3;2022-05-24;2022-06-23
328;6;2024-07-26;2025-07-26
329;4;2022-12-02;2023-12-02
329;6;2024-04-21;2025-04-21
329;4;2024-06-05;2025-06-05
330;1;2022-01-01;2022-01-02
330;3;2024-03-03;2024-04-02
330;4;2024-04-26;2025-04-26
331;2;2024-09-03;2024-09-10
331;6;2022-10-24;2023-10-24
332;6;2024-09-07;2025-09-07
333;2;2023-02-18;2023-02-25
333;4;2023-05-05;2024-05-04
333;2;2022-12-07;2022-12-14
334;1;2022-07-09;2022-07-10
334;5;2024-04-19;2024-05-19
335;6;2024-04-04;2025-04-04
335;6;2022-05-01;2023-05-01
336;5;2024-10-05;2024-11-04
337;4;2022-08-03;2023-08-03
338;6;2024-03-26;2025-03-26
338;2;2022-12-07;2022-12-14
339;5;2024-12-17;2025-01-16
339;5;2023-10-19;2023-11-18
340;4;2023-10-18;2024-10-17
340;3;2022-05-11;2022-06-10
340;2;2022-09-18;2022-09-25
341;4;2024-01-15;2025-01-14
342;6;2023-08-13;2024-08-12
343;3;2023-07-26;2023-08-25
343;3;2024-02-10;2024-03-11
344;2;2022-06-17;2022-06-24
344;3;2022-09-15;2022-10-15
344;4;2022-12-25;2023-12-25
345;6;2023-01-16;2024-01-16
345;6;2022-02-11;2023-02-11
346;4;2022-11-23;2023-11-23
346;2;2022-08-19;2022-08-26
347;2;2022-06-22;2022-06-29
348;3;2024-09-21;2024-10-21
348;3;2023-10-25;2023-11-24
348;1;2024-06-10;2024-06-11
349;5;2024-01-27;2024-02-26
349;6;2022-04-21;2023-04-21
350;5;2023-11-28;2023-12-28
351;4;2022-04-14;2023-04-14
351;5;2023-01-28;2023-02-27
351;3;2024-05-24;2024-06-23
352;6;2023-12-25;2024-12-24
352;2;2024-06-14;2024-06-21
353;1;2024-10-01;2024-10-02
354;6;2023-06-08;2024-06-07
354;3;2023-12-14;2024-01-13
354;1;2022-11-23;2022-11-24
355;4;2023-05-15;2024-05-14
355;3;2024-07-15;2024-08-14
355;1;2024-03-27;2024-03-28
356;4;2023-03-26;2024-03-25
356;4;2022-02-01;2023-02-01
357;5;2022-02-14;2022-03-16
357;3;2023-12-25;2024-01-24
357;5;2023-03-24;2023-04-23
358;5;2022-05-10;2022-06-09
358;6;2022-01-26;2023-01-26
358;6;2024-08-04;2025-08-04
359;3;2023-03-21;2023-04-20
359;3;2023-08-22;2023-09-21
359;4;2023-08-23;2024-08-22
360;6;2023-04-24;2024-04-23
360;2;2023-01-28;2023-02-04
360;3;2024-12-24;2025-01-23
361;1;2022-02-02;2022-02-03
362;4;2024-08-22;2025-08-22
362;3;2022-01-11;2022-02-10
363;2;2024-01-14;2024-01-21
363;3;2022-01-21;2022-02-20
363;1;2022-07-27;2022-07-28
364;1;2022-02-04;2022-02-05
364;5;2022-06-23;2022-07-23
364;5;2024-08-09;2024-09-08
365;3;2023-03-04;2023-04-03
365;1;2024-06-11;2024-06-12
366;2;2024-05-20;2024-05-27
366;4;2023-04-20;2024-04-19
366;6;2024-11-02;2025-11-02
367;3;2023-10-22;2023-11-21
368;4;2022-04-27;2023-04-27
369;6;2023-05-15;2024-05-14
369;4;2024-10-10;2025-10-10
370;4;2024-11-08;2025-11-08
371;6;2022-01-05;2023-01-05
371;3;2023-11-24;2023-12-24
372;5;2023-03-14;2023-04-13
373;2;2024-06-15;2024-06-22
374;5;2024-04-22;2024-05-22
374;5;2024-03-16;2024-04-15
374;4;2023-09-07;2024-09-06
375;5;2022-11-10;2022-12-10
375;6;2022-04-12;2023-04-12
375;6;2024-12-15;2025-12-15
376;5;2024-04-27;2024-05-27
377;6;2024-10-22;2025-10-22
377;1;2023-01-16;2023-01-17
378;1;2022-07-12;2022-07-13
378;6;2023-06-22;2024-06-21
379;6;2024-11-22;2025-11-22
380;1;2023-10-24;2023-10-25
380;3;2022-09-09;2022-10-09
381;5;2023-06-13;2023-07-13
381;4;2022-01-13;2023-01-13
381;4;2023-06-15;2024-06-14
382;4;2022-12-03;2023-12-03
382;5;2022-07-06;2022-08-05
382;2;2023-06-15;2023-06-22
383;1;2022-08-22;2022-08-23
383;5;2023-11-04;2023-12-04
383;2;2024-07-06;2024-07-13
384;5;2023-02-13;2023-03-15
385;4;2024-10-11;2025-10-11
385;4;2023-07-07;2024-07-06
386;6;2022-07-06;2023-07-06
386;6;2023-09-04;2024-09-03
387;4;2023-04-05;2024-04-04
387;3;2024-12-18;2025-01-17
388;2;2022-07-12;2022-07-19
388;2;2022-10-25;2022-11-01
388;3;2024-02-14;2024-03-15
389;3;2022-07-07;2022-08-06
389;2;2024-05-16;2024-05-23
390;2;2022-05-04;2022-05-11
390;5;2024-01-25;2024-02-24
390;3;2024-05-05;2024-06-04
391;6;2023-06-21;2024-06-20
392;5;2024-04-19;2024-05-19
392;2;2023-06-27;2023-07-04
393;6;2024-09-01;2025-09-01
393;6;2023-12-24;2024-12-23
394;4;2023-06-05;2024-06-04
395;5;2024-04-24;2024-05-24
396;1;2022-09-01;2022-09-02
396;1;2023-06-01;2023-06-02
397;3;2022-11-03;2022-12-03
397;3;2022-07-03;2022-08-02
398;2;2023-09-16;2023-09-23
398;4;2024-02-04;2025-02-03
399;1;2024-11-07;2024-11-08
399;1;2023-04-13;2023-04-14
399;4;2024-11-22;2025-11-22
400;6;2023-07-13;2024-07-12
401;3;2022-04-07;2022-05-07
401;3;2023-03-11;2023-04-10
402;3;2023-06-22;2023-07-22
402;6;2022-09-01;2023-09-01
403;4;2023-06-12;2024-06-11
403;6;2022-11-16;2023-11-16
403;5;2023-04-24;2023-05-24
404;2;2024-10-20;2024-10-27
405;2;2023-12-20;2023-12-27
406;1;2022-03-08;2022-03-09
407;5;2022-03-26;2022-04-25
407;3;2023-03-04;2023-04-03
408;3;2024-11-12;2024-12-12
408;6;2024-11-16;2025-11-16
408;5;2024-01-03;2024-02-02
409;5;2023-08-21;2023-09-20
410;2;2023-06-19;2023-06-26
410;3;2023-08-08;2023-09-07
411;5;2024-06-11;2024-07-11
411;5;2024-10-01;2024-10-31
412;5;2023-08-17;2023-09-16
412;1;2023-10-13;2023-10-14
413;1;2023-08-17;2023-08-18
413;5;2024-06-02;2024-07-02
414;6;2023-10-02;2024-10-01
414;1;2023-11-23;2023-11-24
414;5;2023-12-11;2024-01-10
415;3;2024-04-12;2024-05-12
416;3;2022-02-20;2022-03-22
416;3;2024-03-20;2024-04-19
416;6;2022-04-19;2023-04-19
417;5;2023-03-20;2023-04-19
418;3;2023-01-27;2023-02-26
418;4;2023-08-12;2024-08-11
418;2;2022-02-24;2022-03-03
419;5;2022-08-24;2022-09-23
419;4;2022-08-21;2023-08-21
419;6;2023-07-06;2024-07-05
420;3;2023-01-12;2023-02-11
420;4;2022-09-21;2023-09-21
421;1;2022-11-09;2022-11-10
421;6;2023-08-15;2024-08-14
421;4;2022-02-14;2023-02-14
422;2;2022-02-20;2022-02-27
422;3;2024-01-11;2024-02-10
422;6;2024-04-01;2025-04-01
423;4;2024-01-14;2025-01-13
424;4;2024-10-01;2025-10-01
424;4;2024-01-20;2025-01-19
425;2;2023-03-06;2023-03-13
425;6;2024-06-01;2025-06-01
425;4;2022-08-16;2023-08-16
426;6;2023-05-03;2024-05-02
427;1;2023-04-09;2023-04-10
427;2;2024-09-25;2024-10-02
428;3;2022-12-05;2023-01-04
429;2;2023-01-07;2023-01-14
430;4;2023-05-10;2024-05-09
431;2;2023-10-26;2023-11-02
431;2;2023-03-11;2023-03-18
432;3;2023-06-04;2023-07-04
433;2;2022-03-10;2022-03-17
433;6;2022-08-09;2023-08-09
433;6;2024-10-20;2025-10-20
434;2;2022-06-15;2022-06-22
434;5;2022-06-07;2022-07-07
435;3;2022-10-03;2022-11-02
435;4;2023-04-09;2024-04-08
435;3;2022-05-04;2022-06-03
436;5;2024-12-25;2025-01-24
436;5;2023-05-07;2023-06-06
437;2;2023-11-15;2023-11-22
437;3;2023-11-22;2023-12-22
437;1;2022-10-16;2022-10-17
438;2;2024-11-09;2024-11-16
438;5;2024-12-18;2025-01-17
438;4;2022-10-04;2023-10-04
439;6;2022-02-03;2023-02-03
440;3;2022-01-25;2022-02-24
440;4;2022-07-09;2023-07-09
441;4;2023-12-22;2024-12-21
441;4;2023-06-17;2024-06-16
442;4;2023-12-03;2024-12-02
442;1;2024-05-10;2024-05-11
443;1;2022-06-04;2022-06-05
443;6;2023-02-02;2024-02-02
443;4;2022-09-21;2023-09-21
444;6;2022-12-17;2023-12-17
445;1;2024-11-22;2024-11-23
445;5;2024-11-14;2024-12-14
446;2;2022-05-24;2022-05-31
446;3;2023-12-13;2024-01-12
446;2;2022-12-07;2022-12-14
447;4;2023-04-19;2024-04-18
447;5;2024-08-24;2024-09-23
448;4;2023-04-25;2024-04-24
448;4;2024-06-13;2025-06-13
449;2;2024-10-10;2024-10-17
449;6;2023-02-11;2024-02-11
449;3;2022-02-10;2022-03-12
450;3;2024-03-22;2024-04-21
450;6;2022-08-22;2023-08-22
451;5;2023-04-26;2023-05-26
451;2;2022-12-04;2022-12-11
452;4;2022-12-25;2023-12-25
452;1;2023-12-20;2023-12-21
452;4;2023-08-28;2024-08-27
453;2;2023-10-10;2023-10-17
454;6;2024-08-12;2025-08-12
454;5;2024-05-15;2024-06-14
454;5;2023-05-05;2023-06-04
455;6;2023-02-05;2024-02-05
456;3;2023-12-03;2024-01-02
457;3;2023-06-27;2023-07-27
457;4;2022-12-16;2023-12-16
458;2;2023-11-23;2023-11-30
458;2;2023-11-28;2023-12-05
458;2;2024-05-01;2024-05-08
459;2;2024-05-28;2024-06-04
459;1;2024-02-02;2024-02-03
459;5;2022-10-21;2022-11-20
460;3;2024-10-22;2024-11-21
460;1;2023-09-06;2023-09-07
461;3;2022-10-18;2022-11-17
461;2;2023-09-20;2023-09-27
462;3;2024-02-09;2024-03-10
462;4;2024-01-23;2025-01-22
463;5;2023-11-09;2023-12-09
463;1;2023-09-25;2023-09-26
463;1;2022-05-14;2022-05-15
464;2;2024-10-09;2024-10-16
464;6;2024-07-05;2025-07-05
465;3;2024-12-28;2025-01-27
465;5;2023-09-20;2023-10-20
466;6;2024-12-21;2025-12-21
466;3;2022-04-12;2022-05-12
466;4;2022-09-15;2023-09-15
467;4;2024-07-20;2025-07-20
467;2;2024-08-10;2024-08-17
468;6;2024-07-07;2025-07-07
469;4;2023-12-15;2024-12-14
470;2;2024-11-18;2024-11-25
470;2;2024-09-14;2024-09-21
470;2;2022-10-24;2022-10-31
471;5;2024-08-24;2024-09-23
471;2;2023-07-18;2023-07-25
471;2;2022-12-23;2022-12-30
472;4;2022-01-10;2023-01-10
472;2;2022-01-12;2022-01-19
472;6;2024-08-18;2025-08-18
473;6;2023-05-04;2024-05-03
474;4;2023-05-22;2024-05-21
474;3;2024-04-21;2024-05-21
475;4;2023-07-10;2024-07-09
475;5;2024-10-06;2024-11-05
476;2;2022-12-16;2022-12-23
477;6;2022-10-03;2023-10-03
477;6;2024-09-14;2025-09-14
477;5;2023-11-27;2023-12-27
478;3;2023-08-19;2023-09-18
478;3;2024-12-06;2025-01-05
479;6;2024-02-25;2025-02-24
479;6;2022-07-13;2023-07-13
479;4;2022-01-23;2023-01-23
480;4;2024-11-16;2025-11-16
481;4;2023-03-27;2024-03-26
481;2;2022-07-09;2022-07-16
481;6;2023-02-19;2024-02-19
482;3;2022-12-16;2023-01-15
483;2;2023-08-06;2023-08-13
484;4;2023-05-28;2024-05-27
484;6;2022-07-20;2023-07-20
484;5;2024-09-27;2024-10-27
485;3;2023-03-13;2023-04-12
486;3;2022-09-10;2022-10-10
486;3;2023-10-11;2023-11-10
487;6;2022-04-17;2023-04-17
488;4;2022-03-16;2023-03-16
488;1;2022-04-03;2022-04-04
488;3;2024-01-09;2024-02-08
489;4;2022-04-28;2023-04-28
489;5;2022-02-19;2022-03-21
490;3;2022-05-16;2022-06-15
490;2;2022-02-06;2022-02-13
490;2;2024-05-07;2024-05-14
491;3;2023-05-09;2023-06-08
491;1;2023-08-19;2023-08-20
491;6;2023-05-25;2024-05-24
492;4;2023-12-13;2024-12-12
493;3;2024-01-25;2024-02-24
494;5;2022-10-16;2022-11-15
494;2;2023-06-12;2023-06-19
495;2;2022-07-03;2022-07-10
495;4;2022-02-01;2023-02-01
495;2;2024-10-22;2024-10-29
496;2;2023-05-06;2023-05-13
497;1;2023-03-21;2023-03-22
497;6;2024-06-21;2025-06-21
497;2;2022-01-19;2022-01-26
498;4;2024-10-09;2025-10-09
498;4;2024-09-28;2025-09-28
498;4;2022-06-18;2023-06-18
499;1;2024-01-09;2024-01-10
500;1;2022-06-13;2022-06-14
500;5;2022-08-24;2022-09-23
500;5;2022-02-16;2022-03-18
501;5;2024-11-25;2024-12-25
501;4;2023-05-06;2024-05-05
501;5;2023-11-22;2023-12-22
502;5;2024-09-10;2024-10-10
503;2;2023-01-20;2023-01-27
503;3;2024-04-14;2024-05-14
504;4;2023-03-02;2024-03-01
504;1;2024-07-22;2024-07-23
504;4;2023-06-16;2024-06-15
505;4;2023-07-23;2024-07-22
505;4;2022-09-16;2023-09-16
506;6;2023-11-02;2024-11-01
506;4;2023-08-20;2024-08-19
506;3;2023-07-13;2023-08-12
507;2;2023-02-11;2023-02-18
507;2;2022-04-16;2022-04-23
508;2;2022-01-19;2022-01-26
508;6;2024-07-08;2025-07-08
509;6;2023-05-08;2024-05-07
509;5;2023-08-25;2023-09-24
510;1;2024-03-23;2024-03-24
510;5;2024-07-21;2024-08-20
510;1;2023-10-14;2023-10-15
511;1;2023-08-21;2023-08-22
511;6;2023-05-02;2024-05-01
512;6;2024-02-09;2025-02-08
513;2;2023-02-02;2023-02-09
514;3;2022-12-04;2023-01-03
514;1;2023-01-09;2023-01-10
514;5;2024-10-12;2024-11-11
515;5;2024-11-01;2024-12-01
515;6;2023-09-13;2024-09-12
515;1;2023-08-10;2023-08-11
516;3;2023-11-11;2023-12-11
517;2;2023-10-12;2023-10-19
518;1;2022-12-16;2022-12-17
519;5;2022-05-13;2022-06-12
520;3;2024-11-04;2024-12-04
520;2;2023-06-22;2023-06-29
521;5;2024-07-07;2024-08-06
522;2;2022-05-11;2022-05-18
522;4;2024-09-23;2025-09-23
523;1;2024-08-27;2024-08-28
524;5;2024-12-26;2025-01-25
524;4;2022-07-28;2023-07-28
525;2;2024-07-13;2024-07-20
526;6;2024-05-15;2025-05-15
526;6;2023-08-18;2024-08-17
526;6;2024-10-06;2025-10-06
527;1;2023-02-02;2023-02-03
527;4;2023-05-18;2024-05-17
527;6;2024-02-03;2025-02-02
528;4;2024-12-23;2025-12-23
529;6;2022-08-22;2023-08-22
530;2;2023-06-13;2023-06-20
530;4;2024-06-25;2025-06-25
530;5;2023-03-14;2023-04-13
531;6;2022-09-09;2023-09-09
531;6;2024-06-19;2025-06-19
532;3;2023-03-16;2023-04-15
532;2;2023-03-20;2023-03-27
532;5;2023-09-10;2023-10-10
533;4;2024-10-06;2025-10-06
533;1;2024-03-09;2024-03-10
534;4;2022-01-02;2023-01-02
535;5;2023-08-16;2023-09-15
535;4;2024-09-05;2025-09-05
536;4;2023-11-04;2024-11-03
536;2;2024-04-24;2024-05-01
537;5;2023-09-15;2023-10-15
537;5;2023-08-26;2023-09-25
538;5;2022-09-14;2022-10-14
539;3;2022-09-20;2022-10-20
539;2;2024-10-08;2024-10-15
540;3;2022-05-25;2022-06-24
540;4;2024-11-07;2025-11-07
540;2;2022-09-21;2022-09-28
541;1;2023-11-20;2023-11-21
541;4;2023-06-28;2024-06-27
542;4;2023-08-08;2024-08-07
543;4;2022-01-06;2023-01-06
543;3;2024-09-03;2024-10-03
544;3;2022-03-21;2022-04-20
544;4;2024-10-15;2025-10-15
545;2;2024-12-18;2024-12-25
545;6;2022-12-25;2023-12-25
545;1;2023-12-13;2023-12-14
546;2;2024-06-20;2024-06-27
547;4;2022-06-03;2023-06-03
548;4;2024-09-22;2025-09-22
549;1;2023-06-10;2023-06-11
550;2;2022-08-21;2022-08-28
550;4;2023-02-22;2024-02-22
551;5;2023-04-09;2023-05-09
551;1;2023-12-05;2023-12-06
552;3;2023-11-24;2023-12-24
553;1;2023-10-04;2023-10-05
553;5;2023-05-20;2023-06-19
553;4;2023-03-22;2024-03-21
554;2;2024-09-03;2024-09-10
554;3;2023-11-08;2023-12-08
554;6;2023-05-04;2024-05-03
555;1;2024-02-05;2024-02-06
555;3;2023-07-22;2023-08-21
556;3;2023-07-10;2023-08-09
556;6;2024-05-06;2025-05-06
557;2;2023-05-07;2023-05-14
558;3;2023-04-22;2023-05-22
559;6;2024-05-25;2025-05-25
560;4;2022-03-19;2023-03-19
561;4;2023-07-16;2024-07-15
562;5;2023-05-15;2023-06-14
563;2;2023-01-02;2023-01-09
563;3;2023-03-03;2023-04-02
563;2;2023-02-15;2023-02-22
564;6;2024-10-23;2025-10-23
564;4;2022-03-28;2023-03-28
565;3;2023-06-06;2023-07-06
565;1;2022-11-09;2022-11-10
566;5;2023-03-27;2023-04-26
567;6;2022-12-18;2023-12-18
567;1;2022-03-13;2022-03-14
567;2;2023-11-11;2023-11-18
568;4;2022-05-07;2023-05-07
568;4;2024-10-21;2025-10-21
568;2;2022-10-02;2022-10-09
569;3;2022-02-18;2022-03-20
569;5;2023-06-26;2023-07-26
569;2;2023-01-22;2023-01-29
570;4;2022-10-18;2023-10-18
570;1;2022-07-13;2022-07-14
570;5;2022-11-09;2022-12-09
571;1;2024-08-22;2024-08-23
571;2;2023-03-10;2023-03-17
572;6;2024-02-20;2025-02-19
573;2;2023-06-18;2023-06-25
574;5;2023-03-25;2023-04-24
574;5;2023-08-25;2023-09-24
575;4;2024-06-05;2025-06-05
576;3;2022-12-10;2023-01-09
576;1;2023-08-23;2023-08-24
576;5;2022-10-22;2022-11-21
577;6;2022-08-15;2023-08-15
578;1;2022-08-04;2022-08-05
578;1;2024-07-22;2024-07-23
579;6;2023-08-07;2024-08-06
580;3;2023-01-06;2023-02-05
580;3;2024-06-16;2024-07-16
581;4;2022-07-10;2023-07-10
582;5;2023-03-26;2023-04-25
583;1;2024-06-14;2024-06-15
583;4;2023-07-23;2024-07-22
584;6;2024-12-21;2025-12-21
584;1;2022-07-09;2022-07-10
585;3;2023-11-18;2023-12-18
585;5;2023-09-22;2023-10-22
585;6;2022-01-11;2023-01-11
586;3;2022-07-05;2022-08-04
586;1;2023-10-28;2023-10-29
587;5;2022-08-28;2022-09-27
587;4;2022-01-18;2023-01-18
588;3;2023-02-05;2023-03-07
588;5;2023-08-17;2023-09-16
588;6;2022-05-05;2023-05-05
589;1;2023-01-11;2023-01-12
589;1;2024-12-06;2024-12-07
590;1;2023-10-06;2023-10-07
591;1;2022-12-04;2022-12-05
591;6;2024-04-16;2025-04-16
591;5;2023-07-12;2023-08-11
592;1;2024-07-09;2024-07-10
593;3;2024-06-07;2024-07-07
594;4;2024-09-22;2025-09-22
595;2;2024-10-05;2024-10-12
595;3;2023-01-06;2023-02-05
596;6;2023-01-05;2024-01-05
596;2;2024-06-21;2024-06-28
596;1;2023-07-01;2023-07-02
597;5;2024-07-08;2024-08-07
598;4;2024-03-08;2025-03-08
598;6;2022-11-06;2023-11-06
598;5;2023-03-02;2023-04-01
599;3;2023-02-11;2023-03-13
599;1;2023-02-07;2023-02-08
600;5;2022-11-19;2022-12-19
600;5;2023-05-19;2023-06-18
600;5;2022-09-28;2022-10-28
601;4;2023-04-15;2024-04-14
601;4;2022-01-28;2023-01-28
602;2;2023-05-28;2023-06-04
602;3;2022-12-11;2023-01-10
602;5;2023-06-07;2023-07-07
603;4;2023-10-04;2024-10-03
603;3;2022-11-09;2022-12-09
603;6;2022-07-11;2023-07-11
604;5;2023-04-22;2023-05-22
604;6;2024-10-24;2025-10-24
605;2;2023-04-03;2023-04-10
605;6;2024-11-24;2025-11-24
606;3;2024-07-12;2024-08-11
606;6;2023-06-02;2024-06-01
607;1;2024-03-28;2024-03-29
607;6;2023-12-09;2024-12-08
607;4;2024-05-19;2025-05-19
608;5;2022-06-04;2022-07-04
608;6;2023-10-27;2024-10-26
609;5;2023-06-20;2023-07-20
609;6;2024-07-27;2025-07-27
609;5;2024-09-18;2024-10-18
610;6;2023-07-22;2024-07-21
610;5;2023-07-21;2023-08-20
610;1;2024-05-10;2024-05-11
611;3;2024-02-20;2024-03-21
612;6;2022-08-11;2023-08-11
612;2;2023-06-20;2023-06-27
612;6;2022-01-20;2023-01-20
613;6;2024-07-20;2025-07-20
613;3;2022-12-04;2023-01-03
613;2;2024-12-21;2024-12-28
614;4;2023-10-18;2024-10-17
614;5;2022-05-25;2022-06-24
614;4;2022-01-01;2023-01-01
615;3;2023-05-22;2023-06-21
615;2;2022-10-07;2022-10-14
616;6;2023-09-16;2024-09-15
616;2;2022-07-22;2022-07-29
616;6;2024-09-18;2025-09-18
617;1;2022-08-22;2022-08-23
618;3;2024-10-11;2024-11-10
619;6;2023-11-07;2024-11-06
619;5;2022-10-19;2022-11-18
619;1;2023-12-23;2023-12-24
620;3;2023-06-13;2023-07-13
620;4;2022-12-18;2023-12-18
620;6;2023-09-04;2024-09-03
621;6;2022-12-21;2023-12-21
621;6;2023-02-22;2024-02-22
621;5;2023-06-19;2023-07-19
622;1;2023-06-26;2023-06-27
622;4;2023-03-04;2024-03-03
623;6;2022-01-18;2023-01-18
623;3;2023-12-10;2024-01-09
623;5;2023-12-17;2024-01-16
624;2;2023-02-10;2023-02-17
624;6;2022-08-18;2023-08-18
624;2;2024-04-25;2024-05-02
625;4;2022-10-10;2023-10-10
625;3;2024-10-16;2024-11-15
625;6;2023-09-27;2024-09-26
626;6;2023-08-21;2024-08-20
627;6;2022-09-27;2023-09-27
627;5;2024-07-28;2024-08-27
627;6;2023-02-19;2024-02-19
628;1;2022-01-27;2022-01-28
628;2;2023-04-05;2023-04-12
628;5;2024-11-02;2024-12-02
629;2;2023-05-18;2023-05-25
630;3;2023-01-16;2023-02-15
631;4;2024-12-13;2025-12-13
631;6;2024-02-03;2025-02-02
632;6;2023-03-28;2024-03-27
632;2;2023-01-23;2023-01-30
633;1;2024-10-10;2024-10-11
633;5;2022-03-06;2022-04-05
633;3;2022-02-14;2022-03-16
634;4;2022-03-28;2023-03-28
635;1;2022-12-20;2022-12-21
635;5;2022-03-19;2022-04-18
635;3;2022-05-27;2022-06-26
636;6;2024-03-19;2025-03-19
636;3;2022-05-11;2022-06-10
636;6;2022-08-24;2023-08-24
637;6;2022-06-03;2023-06-03
638;4;2023-08-26;2024-08-25
639;2;2023-05-20;2023-05-27
639;2;2024-09-18;2024-09-25
640;6;2024-09-20;2025-09-20
640;5;2024-11-17;2024-12-17
640;2;2022-12-27;2023-01-03
641;4;2024-02-16;2025-02-15
642;1;2022-08-07;2022-08-08
643;2;2022-04-10;2022-04-17
643;4;2022-08-09;2023-08-09
643;3;2022-04-20;2022-05-20
644;6;2024-11-14;2025-11-14
644;3;2023-09-11;2023-10-11
645;5;2022-08-11;2022-09-10
645;5;2023-08-22;2023-09-21
645;4;2022-04-18;2023-04-18
646;1;2022-09-23;2022-09-24
647;5;2024-10-27;2024-11-26
647;4;2024-02-11;2025-02-10
647;5;2022-07-13;2022-08-12
648;5;2024-07-25;2024-08-24
648;4;2022-04-07;2023-04-07
648;3;2022-05-27;2022-06-26
649;1;2023-11-01;2023-11-02
650;6;2022-06-21;2023-06-21
650;3;2022-03-02;2022-04-01
651;5;2024-11-19;2024-12-19
652;2;2022-04-25;2022-05-02
653;4;2022-06-22;2023-06-22
653;2;2024-11-08;2024-11-15
653;6;2024-07-28;2025-07-28
654;1;2024-07-05;2024-07-06
654;6;2022-03-15;2023-03-15
655;3;2023-01-28;2023-02-27
655;1;2024-12-27;2024-12-28
656;6;2024-11-03;2025-11-03
656;5;2024-01-02;2024-02-01
657;6;2024-11-12;2025-11-12
657;5;2024-06-02;2024-07-02
657;5;2022-05-22;2022-06-21
658;1;2023-07-05;2023-07-06
659;2;2024-12-06;2024-12-13
659;2;2022-07-05;2022-07-12
659;4;2023-01-09;2024-01-09
660;6;2023-05-22;2024-05-21
660;6;2022-01-13;2023-01-13
660;2;2023-05-15;2023-05-22
661;2;2024-07-03;2024-07-10
662;6;2024-03-15;2025-03-15
662;3;2023-06-11;2023-07-11
663;5;2023-08-09;2023-09-08
663;3;2024-12-21;2025-01-20
663;4;2022-03-21;2023-03-21
664;1;2024-03-19;2024-03-20
665;1;2023-12-11;2023-12-12
666;5;2023-11-07;2023-12-07
666;5;2022-05-18;2022-06-17
666;5;2024-08-23;2024-09-22
667;3;2022-10-06;2022-11-05
667;1;2024-07-21;2024-07-22
668;3;2024-10-02;2024-11-01
668;6;2023-05-20;2024-05-19
669;5;2022-07-08;2022-08-07
669;6;2022-02-04;2023-02-04
670;5;2024-07-28;2024-08-27
671;3;2024-01-27;2024-02-26
671;6;2022-09-25;2023-09-25
672;5;2023-07-18;2023-08-17
673;5;2024-11-07;2024-12-07
674;1;2023-09-20;2023-09-21
675;5;2023-11-15;2023-12-15
675;1;2024-09-21;2024-09-22
675;5;2024-04-01;2024-05-01
676;3;2023-08-27;2023-09-26
677;2;2023-10-05;2023-10-12
678;3;2023-11-15;2023-12-15
678;1;2023-11-14;2023-11-15
678;2;2024-02-14;2024-02-21
679;5;2023-06-03;2023-07-03
679;3;2023-08-27;2023-09-26
680;2;2023-03-06;2023-03-13
680;2;2022-10-11;2022-10-18
680;6;2022-01-05;2023-01-05
681;4;2022-01-16;2023-01-16
682;4;2023-03-08;2024-03-07
682;6;2023-08-11;2024-08-10
682;2;2023-06-24;2023-07-01
683;1;2023-06-11;2023-06-12
683;3;2022-12-07;2023-01-06
684;1;2024-12-11;2024-12-12
684;2;2022-06-26;2022-07-03
685;6;2022-07-01;2023-07-01
685;4;2024-11-14;2025-11-14
685;6;2022-03-28;2023-03-28
686;4;2023-05-12;2024-05-11
686;4;2023-02-26;2024-02-26
686;5;2024-03-13;2024-04-12
687;5;2022-09-02;2022-10-02
687;2;2024-08-03;2024-08-10
687;3;2024-06-09;2024-07-09
688;1;2022-04-25;2022-04-26
689;3;2023-10-04;2023-11-03
690;3;2023-07-08;2023-08-07
690;4;2022-06-15;2023-06-15
691;6;2024-11-08;2025-11-08
692;1;2022-07-08;2022-07-09
693;1;2022-11-17;2022-11-18
693;6;2022-02-19;2023-02-19
694;1;2022-05-24;2022-05-25
695;5;2023-05-10;2023-06-09
695;6;2022-01-05;2023-01-05
696;4;2022-06-09;2023-06-09
697;2;2022-11-20;2022-11-27
697;6;2022-11-26;2023-11-26
697;1;2022-12-24;2022-12-25
698;5;2024-01-07;2024-02-06
698;2;2023-04-03;2023-04-10
698;6;2024-05-06;2025-05-06
699;3;2023-06-15;2023-07-15
699;4;2023-03-19;2024-03-18
700;3;2024-04-20;2024-05-20
700;6;2023-09-15;2024-09-14
701;4;2023-07-18;2024-07-17
702;5;2024-01-25;2024-02-24
702;3;2024-03-19;2024-04-18
703;6;2024-01-19;2025-01-18
704;2;2024-09-17;2024-09-24
704;5;2023-08-08;2023-09-07
705;4;2023-01-01;2024-01-01
706;5;2023-10-27;2023-11-26
706;2;2022-03-06;2022-03-13
707;4;2023-08-28;2024-08-27
708;2;2022-10-01;2022-10-08
708;6;2022-07-25;2023-07-25
708;6;2024-07-20;2025-07-20
709;6;2023-07-05;2024-07-04
710;3;2022-09-15;2022-10-15
710;6;2023-01-02;2024-01-02
710;2;2022-01-15;2022-01-22
711;5;2022-01-18;2022-02-17
711;2;2022-12-23;2022-12-30
711;5;2022-12-21;2023-01-20
712;1;2022-12-22;2022-12-23
712;6;2024-05-15;2025-05-15
713;6;2022-08-10;2023-08-10
713;2;2022-06-12;2022-06-19
713;4;2024-11-15;2025-11-15
714;4;2024-06-21;2025-06-21
714;3;2022-10-15;2022-11-14
714;3;2024-08-16;2024-09-15
715;6;2024-03-14;2025-03-14
715;4;2023-07-13;2024-07-12
716;2;2023-10-03;2023-10-10
716;2;2024-04-16;2024-04-23
717;5;2022-02-25;2022-03-27
717;3;2022-03-23;2022-04-22
718;5;2023-07-06;2023-08-05
719;2;2024-07-25;2024-08-01
719;5;2024-07-15;2024-08-14
719;6;2024-04-10;2025-04-10
720;2;2022-12-14;2022-12-21
720;3;2024-12-05;2025-01-04
720;4;2024-05-09;2025-05-09
721;5;2023-12-21;2024-01-20
722;6;2022-02-18;2023-02-18
723;6;2022-01-03;2023-01-03
723;1;2023-06-13;2023-06-14
723;6;2024-12-05;2025-12-05
724;5;2022-03-23;2022-04-22
724;3;2022-04-02;2022-05-02
725;4;2023-04-04;2024-04-03
725;5;2022-05-27;2022-06-26
725;6;2024-02-18;2025-02-17
726;2;2023-04-10;2023-04-17
727;1;2022-05-11;2022-05-12
727;3;2024-02-24;2024-03-25
727;4;2022-07-16;2023-07-16
728;1;2022-05-02;2022-05-03
728;1;2024-08-07;2024-08-08
729;1;2024-04-04;2024-04-05
729;4;2024-08-09;2025-08-09
729;6;2022-04-07;2023-04-07
730;1;2022-05-14;2022-05-15
730;1;2023-06-27;2023-06-28
731;6;2024-07-09;2025-07-09
731;6;2024-12-17;2025-12-17
731;1;2022-06-06;2022-06-07
732;5;2023-09-14;2023-10-14
733;6;2023-04-12;2024-04-11
733;2;2023-10-23;2023-10-30
734;6;2023-01-05;2024-01-05
734;1;2023-07-09;2023-07-10
735;1;2023-03-14;2023-03-15
736;2;2023-06-16;2023-06-23
737;2;2022-02-24;2022-03-03
737;2;2022-12-01;2022-12-08
737;3;2022-10-05;2022-11-04
738;1;2023-07-21;2023-07-22
739;1;2024-03-08;2024-03-09
740;5;2022-10-01;2022-10-31
740;3;2022-10-11;2022-11-10
741;3;2024-12-25;2025-01-24
742;3;2023-04-03;2023-05-03
743;5;2024-10-24;2024-11-23
743;5;2023-04-14;2023-05-14
743;6;2022-06-06;2023-06-06
744;1;2022-06-16;2022-06-17
744;5;2022-10-06;2022-11-05
744;3;2023-02-15;2023-03-17
745;4;2022-08-12;2023-08-12
745;6;2023-02-11;2024-02-11
745;1;2024-04-17;2024-04-18
746;3;2023-01-26;2023-02-25
746;3;2022-05-02;2022-06-01
746;2;2022-01-04;2022-01-11
747;4;2023-12-12;2024-12-11
747;5;2023-11-09;2023-12-09
747;5;2023-07-12;2023-08-11
748;6;2023-10-13;2024-10-12
749;2;2023-03-16;2023-03-23
749;3;2023-10-16;2023-11-15
750;3;2022-07-27;2022-08-26
750;3;2022-11-02;2022-12-02
750;1;2024-04-03;2024-04-04
751;2;2024-04-03;2024-04-10
751;2;2023-09-15;2023-09-22
751;1;2023-10-27;2023-10-28
752;4;2023-03-26;2024-03-25
752;6;2024-05-18;2025-05-18
752;6;2024-09-12;2025-09-12
753;2;2022-03-16;2022-03-23
753;2;2023-12-05;2023-12-12
754;1;2024-01-09;2024-01-10
755;3;2024-04-18;2024-05-18
755;4;2023-06-11;2024-06-10
756;4;2023-02-21;2024-02-21
756;3;2022-12-08;2023-01-07
757;4;2023-10-05;2024-10-04
757;4;2024-09-27;2025-09-27
757;6;2024-01-11;2025-01-10
758;2;2024-02-24;2024-03-02
759;2;2023-03-11;2023-03-18
759;5;2022-03-15;2022-04-14
759;6;2023-05-25;2024-05-24
760;2;2024-08-11;2024-08-18
760;5;2022-04-25;2022-05-25
760;4;2024-11-01;2025-11-01
761;3;2024-05-22;2024-06-21
761;4;2022-11-22;2023-11-22
761;4;2023-03-05;2024-03-04
762;5;2023-05-12;2023-06-11
762;3;2022-08-13;2022-09-12
763;5;2022-02-18;2022-03-20
763;1;2024-12-22;2024-12-23
763;1;2024-03-09;2024-03-10
764;6;2024-10-08;2025-10-08
764;2;2024-11-13;2024-11-20
765;1;2022-01-24;2022-01-25
765;2;2022-09-20;2022-09-27
766;2;2024-09-07;2024-09-14
767;4;2022-01-20;2023-01-20
768;2;2024-05-24;2024-05-31
769;4;2023-04-26;2024-04-25
769;6;2023-10-12;2024-10-11
769;1;2023-02-08;2023-02-09
770;2;2022-01-01;2022-01-08
771;1;2024-06-28;2024-06-29
772;2;2022-09-09;2022-09-16
772;2;2022-11-07;2022-11-14
773;6;2024-07-26;2025-07-26
774;6;2023-09-02;2024-09-01
774;1;2022-09-07;2022-09-08
774;2;2024-04-19;2024-04-26
775;2;2024-11-19;2024-11-26
775;3;2023-10-16;2023-11-15
775;6;2022-10-20;2023-10-20
776;3;2022-07-25;2022-08-24
776;4;2024-10-17;2025-10-17
776;3;2022-01-23;2022-02-22
777;2;2022-04-12;2022-04-19
777;4;2023-08-04;2024-08-03
778;6;2023-08-11;2024-08-10
778;5;2024-10-12;2024-11-11
778;5;2022-11-03;2022-12-03
779;5;2022-10-25;2022-11-24
779;2;2023-07-23;2023-07-30
780;5;2022-02-16;2022-03-18
781;5;2023-05-21;2023-06-20
782;6;2023-08-24;2024-08-23
783;3;2022-05-02;2022-06-01
784;3;2024-09-16;2024-10-16
784;1;2024-04-05;2024-04-06
784;4;2022-05-14;2023-05-14
785;2;2024-01-15;2024-01-22
785;5;2023-02-21;2023-03-23
786;2;2023-02-25;2023-03-04
787;5;2023-01-21;2023-02-20
788;2;2023-01-27;2023-02-03
788;3;2022-08-16;2022-09-15
789;2;2024-03-10;2024-03-17
789;6;2024-11-13;2025-11-13
789;2;2024-09-23;2024-09-30
790;5;2023-12-03;2024-01-02
790;1;2024-04-11;2024-04-12
791;2;2022-07-02;2022-07-09
791;1;2022-11-04;2022-11-05
791;5;2023-03-25;2023-04-24
792;4;2023-10-08;2024-10-07
793;3;2024-10-05;2024-11-04
793;3;2023-04-24;2023-05-24
794;1;2024-01-21;2024-01-22
794;5;2023-11-01;2023-12-01
794;1;2024-04-25;2024-04-26
795;3;2022-12-08;2023-01-07
796;3;2022-09-03;2022-10-03
796;1;2024-04-06;2024-04-07
796;2;2023-09-01;2023-09-08
797;5;2024-05-22;2024-06-21
797;6;2022-06-02;2023-06-02
797;3;2024-12-06;2025-01-05
798;4;2023-07-11;2024-07-10
799;5;2022-05-18;2022-06-17
799;1;2023-07-07;2023-07-08
800;6;2024-10-13;2025-10-13
800;3;2023-02-09;2023-03-11
800;4;2023-05-17;2024-05-16
801;6;2023-03-06;2024-03-05
801;1;2023-01-21;2023-01-22
802;2;2024-07-19;2024-07-26
802;6;2022-10-12;2023-10-12
802;5;2023-04-09;2023-05-09
803;3;2022-11-01;2022-12-01
803;4;2022-08-11;2023-08-11
803;1;2023-12-26;2023-12-27
804;3;2022-01-08;2022-02-07
805;1;2024-12-01;2024-12-02
805;4;2024-05-09;2025-05-09
805;6;2023-08-27;2024-08-26
806;3;2023-09-23;2023-10-23
806;6;2024-01-01;2024-12-31
807;6;2023-12-07;2024-12-06
807;1;2023-08-25;2023-08-26
808;6;2023-12-12;2024-12-11
808;4;2024-02-03;2025-02-02
809;1;2023-10-23;2023-10-24
809;3;2023-05-18;2023-06-17
810;2;2024-01-26;2024-02-02
810;5;2022-06-28;2022-07-28
811;5;2022-11-17;2022-12-17
811;1;2024-10-18;2024-10-19
812;3;2023-07-28;2023-08-27
812;4;2024-03-02;2025-03-02
812;2;2023-02-23;2023-03-02
813;5;2024-09-02;2024-10-02
813;6;2024-05-26;2025-05-26
813;5;2023-03-22;2023-04-21
814;5;2022-01-08;2022-02-07
814;5;2024-08-21;2024-09-20
815;2;2023-03-25;2023-04-01
816;3;2023-06-20;2023-07-20
816;4;2022-12-20;2023-12-20
816;5;2022-12-03;2023-01-02
817;5;2022-03-08;2022-04-07
817;6;2023-08-02;2024-08-01
818;5;2023-01-26;2023-02-25
819;3;2023-08-16;2023-09-15
819;1;2022-01-20;2022-01-21
819;1;2023-07-27;2023-07-28
820;3;2022-07-25;2022-08-24
820;5;2023-02-22;2023-03-24
820;5;2023-09-14;2023-10-14
821;5;2024-12-21;2025-01-20
821;6;2024-05-22;2025-05-22
821;3;2024-02-17;2024-03-18
822;1;2023-12-13;2023-12-14
822;5;2024-05-01;2024-05-31
823;3;2024-08-12;2024-09-11
823;1;2024-01-16;2024-01-17
823;1;2024-03-08;2024-03-09
824;6;2023-11-05;2024-11-04
824;5;2024-04-20;2024-05-20
825;6;2022-07-07;2023-07-07
825;5;2024-06-12;2024-07-12
826;5;2022-11-08;2022-12-08
826;6;2024-04-19;2025-04-19
826;2;2024-10-06;2024-10-13
827;4;2024-05-20;2025-05-20
827;2;2023-11-02;2023-11-09
827;6;2022-10-26;2023-10-26
828;2;2022-10-06;2022-10-13
828;4;2023-11-24;2024-11-23
828;6;2024-09-12;2025-09-12
829;3;2022-05-12;2022-06-11
829;1;2023-09-28;2023-09-29
829;1;2024-08-15;2024-08-16
830;3;2024-05-04;2024-06-03
830;3;2023-04-13;2023-05-13
831;5;2023-11-01;2023-12-01
832;5;2024-02-13;2024-03-14
832;6;2023-02-04;2024-02-04
833;1;2023-09-01;2023-09-02
833;1;2022-05-14;2022-05-15
834;1;2024-09-27;2024-09-28
835;1;2022-07-06;2022-07-07
836;3;2023-11-17;2023-12-17
837;1;2022-10-20;2022-10-21
838;4;2024-12-13;2025-12-13
838;2;2022-12-24;2022-12-31
838;2;2022-09-15;2022-09-22
839;4;2022-03-25;2023-03-25
840;4;2023-03-04;2024-03-03
841;1;2024-11-08;2024-11-09
841;1;2022-02-25;2022-02-26
842;4;2023-03-18;2024-03-17
842;6;2022-11-15;2023-11-15
843;2;2024-07-08;2024-07-15
843;6;2022-08-20;2023-08-20
844;2;2024-06-08;2024-06-15
844;5;2022-09-18;2022-10-18
844;4;2022-02-09;2023-02-09
845;1;2022-07-17;2022-07-18
845;6;2024-06-10;2025-06-10
846;5;2024-09-25;2024-10-25
846;6;2024-06-27;2025-06-27
847;2;2022-11-11;2022-11-18
848;4;2023-09-15;2024-09-14
848;4;2024-06-20;2025-06-20
849;6;2024-08-09;2025-08-09
849;1;2022-03-04;2022-03-05
850;5;2022-03-05;2022-04-04
850;4;2024-09-14;2025-09-14
850;3;2022-03-25;2022-04-24
851;4;2023-09-16;2024-09-15
851;2;2023-03-24;2023-03-31
852;3;2023-01-20;2023-02-19
853;1;2022-06-23;2022-06-24
853;3;2022-03-09;2022-04-08
854;5;2022-06-05;2022-07-05
855;1;2022-01-16;2022-01-17
856;2;2022-12-01;2022-12-08
857;5;2023-10-02;2023-11-01
857;2;2022-09-21;2022-09-28
857;5;2023-01-23;2023-02-22
858;1;2022-07-20;2022-07-21
858;5;2022-06-19;2022-07-19
858;4;2024-06-05;2025-06-05
859;5;2024-04-27;2024-05-27
859;2;2023-11-05;2023-11-12
860;5;2024-04-19;2024-05-19
860;1;2022-06-18;2022-06-19
860;6;2022-04-15;2023-04-15
861;6;2023-02-19;2024-02-19
862;6;2024-04-11;2025-04-11
863;1;2023-08-28;2023-08-29
864;2;2024-07-28;2024-08-04
864;3;2022-06-17;2022-07-17
865;6;2022-06-14;2023-06-14
865;3;2024-06-15;2024-07-15
865;3;2022-11-12;2022-12-12
866;2;2022-05-26;2022-06-02
866;1;2022-03-11;2022-03-12
867;5;2023-11-09;2023-12-09
867;2;2024-05-21;2024-05-28
868;3;2023-05-10;2023-06-09
868;1;2024-12-27;2024-12-28
869;4;2022-05-04;2023-05-04
870;5;2022-03-03;2022-04-02
871;4;2022-09-14;2023-09-14
871;2;2022-08-08;2022-08-15
872;5;2024-10-10;2024-11-09
872;4;2024-08-14;2025-08-14
872;3;2024-06-20;2024-07-20
873;5;2023-04-21;2023-05-21
873;4;2023-11-13;2024-11-12
873;6;2022-11-18;2023-11-18
874;6;2023-10-09;2024-10-08
874;4;2023-12-11;2024-12-10
874;6;2024-09-14;2025-09-14
875;5;2023-05-07;2023-06-06
876;6;2024-07-27;2025-07-27
877;2;2024-12-09;2024-12-16
877;2;2023-09-11;2023-09-18
878;5;2023-02-15;2023-03-17
878;2;2024-06-23;2024-06-30
878;6;2024-02-18;2025-02-17
879;2;2022-08-23;2022-08-30
879;6;2023-02-02;2024-02-02
880;6;2023-07-25;2024-07-24
881;2;2022-07-07;2022-07-14
881;6;2024-07-11;2025-07-11
882;3;2024-04-09;2024-05-09
882;1;2024-08-19;2024-08-20
882;5;2023-06-27;2023-07-27
883;2;2023-04-28;2023-05-05
883;5;2022-09-15;2022-10-15
883;3;2022-09-17;2022-10-17
884;3;2022-02-11;2022-03-13
884;5;2022-04-20;2022-05-20
884;2;2023-06-12;2023-06-19
885;2;2024-03-11;2024-03-18
885;3;2022-04-14;2022-05-14
885;6;2024-04-10;2025-04-10
886;3;2024-03-24;2024-04-23
886;4;2022-08-13;2023-08-13
887;1;2024-11-09;2024-11-10
887;3;2022-02-04;2022-03-06
888;6;2024-09-07;2025-09-07
888;4;2022-03-20;2023-03-20
889;2;2024-09-14;2024-09-21
890;6;2023-11-15;2024-11-14
890;4;2024-07-01;2025-07-01
891;4;2023-08-24;2024-08-23
891;2;2024-03-27;2024-04-03
892;6;2024-08-18;2025-08-18
892;4;2023-02-06;2024-02-06
892;1;2024-06-20;2024-06-21
893;1;2024-03-14;2024-03-15
894;3;2024-11-03;2024-12-03
894;2;2024-12-22;2024-12-29
894;4;2024-10-06;2025-10-06
895;2;2024-04-28;2024-05-05
895;5;2022-08-02;2022-09-01
896;2;2023-09-05;2023-09-12
897;1;2022-05-08;2022-05-09
898;6;2022-06-18;2023-06-18
898;6;2022-11-04;2023-11-04
898;2;2023-08-14;2023-08-21
899;6;2024-12-10;2025-12-10
900;2;2022-08-07;2022-08-14
900;2;2022-03-23;2022-03-30
901;5;2023-03-16;2023-04-15
901;6;2022-11-20;2023-11-20
901;6;2024-05-21;2025-05-21
902;4;2024-08-28;2025-08-28
903;5;2022-12-03;2023-01-02
904;2;2022-12-14;2022-12-21
904;5;2024-06-10;2024-07-10
904;6;2022-11-15;2023-11-15
905;1;2022-03-14;2022-03-15
905;5;2023-10-18;2023-11-17
905;2;2022-05-27;2022-06-03
906;6;2023-11-08;2024-11-07
906;2;2022-04-28;2022-05-05
906;3;2022-02-27;2022-03-29
907;6;2022-10-07;2023-10-07
908;2;2024-12-20;2024-12-27
908;1;2024-05-13;2024-05-14
908;3;2022-08-23;2022-09-22
909;4;2023-11-05;2024-11-04
909;5;2023-09-12;2023-10-12
910;5;2022-09-05;2022-10-05
911;3;2022-09-05;2022-10-05
912;1;2022-03-15;2022-03-16
913;6;2024-08-10;2025-08-10
913;1;2022-10-09;2022-10-10
914;6;2024-02-24;2025-02-23
914;2;2022-12-05;2022-12-12
914;5;2022-01-09;2022-02-08
915;1;2023-09-09;2023-09-10
915;6;2023-05-14;2024-05-13
916;2;2022-11-02;2022-11-09
916;4;2023-10-26;2024-10-25
916;2;2023-07-01;2023-07-08
917;4;2024-07-06;2025-07-06
918;6;2022-12-18;2023-12-18
918;4;2023-09-04;2024-09-03
918;4;2024-03-27;2025-03-27
919;6;2024-03-17;2025-03-17
919;4;2022-02-09;2023-02-09
919;1;2022-08-04;2022-08-05
920;2;2023-07-01;2023-07-08
920;6;2022-06-14;2023-06-14
921;4;2024-07-14;2025-07-14
922;1;2022-12-19;2022-12-20
923;4;2023-11-07;2024-11-06
924;2;2023-09-25;2023-10-02
925;4;2023-02-24;2024-02-24
925;4;2023-11-12;2024-11-11
926;2;2024-05-05;2024-05-12
926;1;2024-08-10;2024-08-11
926;4;2023-11-08;2024-11-07
927;5;2024-11-17;2024-12-17
927;2;2023-04-18;2023-04-25
928;1;2022-06-05;2022-06-06
928;5;2022-11-18;2022-12-18
928;1;2022-04-17;2022-04-18
929;3;2023-06-20;2023-07-20
929;6;2022-09-03;2023-09-03
929;1;2023-02-09;2023-02-10
930;4;2022-01-11;2023-01-11
931;2;2022-04-18;2022-04-25
931;2;2024-02-03;2024-02-10
932;3;2023-09-13;2023-10-13
932;6;2024-05-03;2025-05-03
933;2;2024-01-27;2024-02-03
933;2;2022-04-09;2022-04-16
933;5;2024-12-05;2025-01-04
934;6;2022-06-14;2023-06-14
934;3;2023-01-26;2023-02-25
934;3;2024-09-16;2024-10-16
935;6;2024-08-15;2025-08-15
936;2;2022-08-01;2022-08-08
936;5;2024-09-12;2024-10-12
937;3;2023-03-17;2023-04-16
937;2;2023-02-14;2023-02-21
937;5;2023-12-26;2024-01-25
938;6;2023-02-26;2024-02-26
939;3;2022-04-10;2022-05-10
940;5;2022-06-24;2022-07-24
940;1;2024-08-01;2024-08-02
940;6;2023-08-20;2024-08-19
941;4;2022-03-24;2023-03-24
941;6;2022-07-03;2023-07-03
942;5;2023-08-18;2023-09-17
942;6;2023-06-20;2024-06-19
942;2;2024-11-12;2024-11-19
943;4;2024-01-04;2025-01-03
943;1;2024-07-19;2024-07-20
944;2;2023-09-27;2023-10-04
945;1;2024-10-01;2024-10-02
946;2;2022-05-20;2022-05-27
946;4;2022-01-22;2023-01-22
946;4;2022-09-11;2023-09-11
947;5;2022-03-03;2022-04-02
948;2;2023-10-27;2023-11-03
948;6;2024-02-05;2025-02-04
949;4;2022-02-09;2023-02-09
949;5;2024-12-18;2025-01-17
949;1;2022-10-19;2022-10-20
950;1;2024-10-10;2024-10-11
950;3;2024-06-24;2024-07-24
950;6;2024-05-16;2025-05-16
951;3;2022-12-14;2023-01-13
951;5;2022-11-03;2022-12-03
952;2;2024-09-20;2024-09-27
952;5;2022-03-28;2022-04-27
952;5;2024-05-19;2024-06-18
953;4;2022-02-15;2023-02-15
954;6;2023-05-02;2024-05-01
955;2;2024-11-18;2024-11-25
955;2;2024-05-22;2024-05-29
955;2;2024-09-13;2024-09-20
956;6;2022-08-02;2023-08-02
957;3;2024-06-08;2024-07-08
957;2;2022-10-27;2022-11-03
957;6;2023-08-25;2024-08-24
958;2;2023-04-13;2023-04-20
958;5;2022-02-25;2022-03-27
959;5;2022-10-10;2022-11-09
959;5;2023-12-07;2024-01-06
959;5;2023-12-14;2024-01-13
960;3;2024-05-28;2024-06-27
960;1;2023-02-19;2023-02-20
960;1;2023-06-28;2023-06-29
961;6;2023-03-14;2024-03-13
962;1;2023-09-26;2023-09-27
962;3;2023-01-13;2023-02-12
962;2;2022-06-21;2022-06-28
963;6;2023-05-06;2024-05-05
963;4;2022-03-05;2023-03-05
963;4;2023-02-13;2024-02-13
964;5;2023-08-02;2023-09-01
964;4;2022-05-05;2023-05-05
964;2;2024-10-09;2024-10-16
965;1;2024-07-20;2024-07-21
965;3;2023-06-26;2023-07-26
966;2;2022-02-10;2022-02-17
966;3;2024-04-16;2024-05-16
966;4;2023-06-21;2024-06-20
967;4;2023-05-18;2024-05-17
968;6;2024-10-07;2025-10-07
969;1;2022-07-07;2022-07-08
969;4;2023-12-11;2024-12-10
970;4;2022-10-23;2023-10-23
970;3;2024-02-10;2024-03-11
971;5;2022-09-12;2022-10-12
972;4;2024-04-04;2025-04-04
973;3;2024-02-26;2024-03-27
974;1;2023-10-13;2023-10-14
974;3;2022-04-27;2022-05-27
975;3;2022-09-22;2022-10-22
976;2;2024-10-05;2024-10-12
977;2;2022-11-20;2022-11-27
977;2;2024-12-14;2024-12-21
978;3;2024-06-25;2024-07-25
978;4;2024-03-18;2025-03-18
979;6;2023-10-16;2024-10-15
979;6;2022-08-19;2023-08-19
980;1;2023-12-28;2023-12-29
980;4;2024-07-24;2025-07-24
980;1;2023-01-18;2023-01-19
981;3;2022-12-04;2023-01-03
981;6;2024-02-25;2025-02-24
982;1;2022-11-10;2022-11-11
982;5;2023-12-21;2024-01-20
983;4;2024-08-17;2025-08-17
983;5;2022-06-27;2022-07-27
984;1;2024-04-10;2024-04-11
984;2;2023-07-27;2023-08-03
985;4;2023-11-04;2024-11-03
985;6;2024-01-16;2025-01-15
985;5;2023-03-09;2023-04-08
986;5;2023-02-01;2023-03-03
986;2;2024-01-07;2024-01-14
986;3;2024-03-18;2024-04-17
987;6;2024-06-17;2025-06-17
988;5;2024-02-17;2024-03-18
988;3;2024-03-11;2024-04-10
988;1;2024-01-20;2024-01-21
989;5;2023-01-04;2023-02-03
989;6;2022-04-16;2023-04-16
990;4;2022-03-02;2023-03-02
991;6;2022-02-21;2023-02-21
991;6;2022-08-07;2023-08-07
992;2;2024-07-28;2024-08-04
993;6;2023-11-02;2024-11-01
994;2;2023-03-10;2023-03-17
994;6;2023-04-26;2024-04-25
995;6;2023-09-28;2024-09-27
995;1;2023-10-16;2023-10-17
996;1;2022-03-28;2022-03-29
997;1;2024-11-27;2024-11-28
998;2;2024-05-24;2024-05-31
998;5;2024-03-26;2024-04-25
999;5;2024-05-08;2024-06-07
999;2;2024-06-05;2024-06-12
1000;5;2024-10-02;2024-11-01
1000;6;2022-07-21;2023-07-21
