1;4;2022-10-13;1960;Other
2;2;2021-04-08;2005;Female
3;1;2022-09-22;1978;Male
4;3;2023-05-28;1990;Female
5;2;2022-03-20;1996;Female
6;1;2023-03-07;1977;Female
7;1;2022-02-05;1965;Other
8;4;2021-07-09;1980;Male
9;2;2022-01-12;1997;Male
10;4;2022-11-28;1977;Female
11;1;2023-02-11;1997;Other
12;1;2022-05-25;1995;Male
13;2;2021-11-27;1975;Female
14;2;2021-10-16;1982;Other
15;4;2023-08-25;1985;Female
16;1;2023-04-09;1985;Female
17;2;2020-03-04;2002;Other
18;1;2020-11-01;1972;Other
19;2;2020-04-21;1980;Other
20;2;2020-06-12;1999;Male
21;1;2020-09-09;1986;Male
22;4;2022-08-20;1971;Male
23;4;2021-10-02;1984;Male
24;4;2021-12-18;1989;Other
25;1;2022-08-04;1960;Other
26;1;2021-08-14;1961;Male
27;4;2021-08-21;1990;Other
28;3;2023-12-28;1983;Other
29;1;2021-05-13;1980;Female
30;3;2021-01-22;1975;Female
31;2;2020-04-09;2001;Other
32;1;2021-12-19;1997;Female
33;4;2021-09-15;1968;Other
34;2;2023-01-06;1974;Other
35;3;2022-03-22;1966;Female
36;4;2022-06-01;1963;Male
37;3;2022-02-06;1979;Female
38;1;2022-09-19;1999;Male
39;3;2023-09-01;2005;Female
40;2;2022-08-02;1966;Male
41;2;2021-01-11;1994;Male
42;3;2022-04-01;1996;Other
43;4;2020-10-22;1982;Other
44;1;2021-08-21;1993;Male
45;3;2023-08-13;1994;Male
46;2;2020-03-28;1981;Male
47;2;2021-10-12;1985;Other
48;3;2023-05-18;1966;Male
49;3;2022-03-11;1981;Other
50;2;2023-01-14;1963;Female
51;3;2020-09-17;1976;Female
52;4;2021-06-14;1987;Other
53;3;2021-03-25;1997;Male
54;3;2022-01-12;1968;Male
55;4;2022-03-06;1998;Male
56;4;2022-11-02;1988;Other
57;4;2022-02-08;2003;Male
58;4;2023-03-21;1980;Male
59;3;2023-01-04;2000;Other
60;2;2021-09-27;1981;Other
61;3;2022-01-20;1960;Male
62;2;2021-01-11;1978;Female
63;4;2020-05-03;1997;Male
64;1;2021-07-28;1994;Male
65;3;2021-12-15;2003;Other
66;1;2020-07-01;1985;Female
67;2;2020-01-02;1985;Male
68;4;2021-04-26;1973;Female
69;3;2020-05-10;2004;Other
70;1;2023-09-08;1978;Male
71;3;2020-02-13;1965;Male
72;1;2022-10-24;2002;Female
73;2;2021-08-11;1960;Male
74;4;2022-09-18;1964;Female
75;1;2023-05-18;1970;Other
76;2;2020-03-17;1985;Male
77;3;2022-07-27;1984;Female
78;2;2020-11-13;1975;Female
79;4;2020-04-06;1971;Female
80;3;2021-11-22;1986;Other
81;1;2021-02-03;2004;Other
82;4;2022-02-04;1990;Female
83;3;2023-08-21;2001;Male
84;4;2023-06-03;1968;Male
85;1;2023-08-11;1962;Female
86;1;2021-01-09;1981;Female
87;3;2020-11-15;1977;Other
88;4;2021-12-02;1987;Male
89;2;2021-07-01;1969;Male
90;1;2020-08-04;1960;Male
91;2;2021-10-26;1979;Other
92;4;2020-02-23;1987;Male
93;1;2022-12-20;2005;Other
94;1;2023-02-11;1983;Female
95;1;2022-07-11;1979;Male
96;1;2020-08-21;1988;Other
97;4;2023-09-03;1985;Other
98;3;2023-02-20;1967;Female
99;2;2020-09-17;1967;Other
100;4;2020-02-05;1994;Female
101;3;2020-08-24;1966;Other
102;3;2021-07-26;1964;Male
103;2;2020-02-05;1985;Other
104;1;2023-06-23;1979;Other
105;2;2022-07-01;1994;Other
106;4;2023-10-10;2000;Other
107;1;2021-06-10;1961;Male
108;3;2020-04-01;2001;Female
109;3;2021-10-27;1962;Other
110;4;2022-10-20;2005;Other
111;3;2023-11-22;1979;Other
112;1;2023-12-15;1995;Other
113;2;2023-04-26;1989;Other
114;4;2020-11-06;1979;Female
115;1;2022-01-26;1995;Female
116;1;2023-07-04;1997;Other
117;1;2021-08-07;1982;Other
118;1;2021-07-10;1986;Male
119;2;2021-03-08;1986;Other
120;3;2020-06-01;1985;Other
121;1;2021-01-14;1961;Female
122;1;2022-01-16;1998;Male
123;1;2023-09-13;1989;Female
124;1;2023-04-05;1982;Female
125;1;2021-05-04;1982;Other
126;4;2020-10-10;1983;Female
127;4;2021-07-20;1965;Other
128;1;2020-04-23;1973;Other
129;4;2021-04-18;1963;Other
130;3;2020-01-17;1992;Other
131;2;2021-10-03;1988;Female
132;4;2021-11-06;1980;Male
133;4;2021-03-08;1994;Male
134;2;2023-12-05;1961;Male
135;2;2021-12-14;1994;Male
136;3;2023-11-02;1966;Male
137;2;2022-12-01;2002;Male
138;1;2023-07-27;1988;Other
139;2;2021-12-12;1995;Male
140;1;2021-09-24;1969;Male
141;2;2022-01-10;1965;Female
142;4;2023-11-12;1970;Female
143;4;2020-02-26;1978;Other
144;2;2021-12-09;1987;Male
145;2;2021-11-13;1985;Female
146;4;2021-02-02;1987;Other
147;3;2022-12-09;1977;Female
148;1;2023-06-09;2000;Female
149;4;2020-12-18;1969;Other
150;4;2023-04-22;1992;Female
151;3;2020-02-08;1997;Female
152;2;2021-08-06;1962;Male
153;1;2023-08-25;1991;Other
154;3;2021-01-07;1981;Other
155;4;2020-01-24;1972;Male
156;4;2023-11-02;1971;Male
157;4;2021-04-12;1975;Male
158;3;2021-11-14;1969;Male
159;3;2022-10-18;1969;Other
160;1;2020-09-27;1977;Female
161;4;2020-10-28;1960;Female
162;4;2020-10-21;1969;Other
163;2;2021-05-12;1985;Female
164;1;2021-07-22;1993;Other
165;1;2020-05-25;1984;Male
166;3;2021-02-23;2001;Female
167;3;2021-09-13;1994;Other
168;3;2023-10-25;1967;Female
169;2;2022-10-26;1995;Female
170;2;2023-04-15;1960;Male
171;4;2023-01-14;1974;Male
172;2;2022-12-08;1965;Other
173;1;2021-11-19;2005;Male
174;1;2023-03-12;1974;Other
175;3;2023-04-08;1976;Male
176;2;2022-05-11;1983;Female
177;1;2021-04-13;1999;Other
178;1;2022-01-05;1965;Female
179;4;2020-03-09;1960;Other
180;4;2021-04-09;1997;Other
181;2;2023-06-28;1993;Male
182;3;2022-07-14;1994;Male
183;2;2023-04-12;1976;Female
184;2;2020-12-01;2003;Other
185;1;2020-10-16;1982;Female
186;4;2022-08-04;1992;Other
187;3;2023-04-08;1994;Male
188;2;2021-08-10;1992;Female
189;1;2022-04-21;2002;Other
190;3;2023-04-26;1961;Male
191;3;2023-06-02;1983;Female
192;3;2022-06-21;1977;Female
193;4;2020-07-20;1982;Other
194;3;2023-03-20;1974;Other
195;3;2023-05-20;1967;Other
196;4;2022-06-07;1987;Female
197;3;2020-10-15;1983;Other
198;1;2021-06-16;1975;Other
199;3;2021-08-22;1969;Female
200;2;2021-05-06;1971;Male
201;1;2020-06-20;1999;Other
202;2;2023-05-21;1965;Male
203;3;2020-03-04;1987;Female
204;1;2023-12-12;1984;Male
205;3;2022-02-03;2002;Male
206;4;2020-03-02;1996;Other
207;1;2020-03-22;1970;Male
208;2;2021-07-09;1985;Female
209;1;2020-02-15;1990;Male
210;2;2020-09-05;1982;Other
211;3;2023-07-28;2001;Male
212;3;2020-03-28;1967;Other
213;1;2020-06-16;1975;Male
214;2;2021-03-13;1987;Other
215;3;2023-02-12;1991;Male
216;3;2023-07-24;1973;Male
217;2;2023-10-21;1962;Female
218;1;2022-02-12;1972;Female
219;3;2023-03-07;1974;Other
220;1;2021-04-22;1993;Female
221;3;2021-05-14;1966;Male
222;4;2020-06-26;1991;Other
223;4;2022-12-13;1988;Female
224;1;2021-01-19;1991;Male
225;4;2021-02-12;1997;Male
226;4;2020-03-05;1999;Male
227;3;2023-09-09;1977;Male
228;4;2021-12-12;1989;Female
229;1;2020-03-16;1981;Female
230;2;2023-04-01;1973;Male
231;3;2023-01-24;1965;Other
232;2;2022-09-19;1996;Female
233;4;2021-11-10;1996;Female
234;3;2020-11-06;1969;Other
235;1;2020-09-25;1971;Female
236;2;2022-09-01;1978;Male
237;2;2021-11-07;1963;Other
238;1;2021-07-12;1967;Female
239;2;2020-08-27;1977;Male
240;3;2020-12-21;1996;Female
241;4;2023-08-12;1986;Female
242;1;2020-02-03;1990;Other
243;3;2021-12-20;1969;Female
244;4;2021-12-09;1965;Female
245;4;2023-10-06;1965;Male
246;2;2021-04-23;1990;Female
247;1;2021-04-20;1995;Male
248;4;2021-11-11;1987;Other
249;4;2020-01-06;1999;Female
250;4;2022-03-02;1960;Other
251;4;2021-12-23;2002;Female
252;1;2020-03-10;1963;Female
253;1;2022-04-28;1973;Female
254;1;2020-07-27;1970;Male
255;2;2022-02-05;1969;Male
256;2;2023-04-02;1983;Other
257;1;2021-09-12;1984;Female
258;1;2022-03-12;1961;Male
259;2;2023-02-20;1960;Female
260;2;2022-10-08;1976;Male
261;1;2022-02-20;1972;Female
262;1;2022-02-21;1960;Female
263;4;2021-01-22;1985;Female
264;1;2022-07-12;1997;Female
265;1;2023-03-23;1993;Female
266;2;2023-02-04;2000;Female
267;4;2021-02-05;1986;Female
268;3;2021-04-26;1977;Other
269;4;2020-11-24;1984;Other
270;4;2023-09-14;1976;Male
271;4;2022-08-18;1986;Other
272;2;2023-03-05;1982;Female
273;3;2021-04-10;1962;Female
274;4;2020-04-01;1975;Male
275;4;2021-10-13;1988;Other
276;2;2021-01-02;1985;Male
277;4;2021-05-07;1966;Male
278;4;2023-08-14;1978;Other
279;2;2023-12-03;2002;Male
280;2;2023-07-18;1987;Female
281;4;2022-01-16;1968;Female
282;4;2021-05-27;1983;Female
283;2;2023-11-05;1985;Female
284;3;2020-11-21;1978;Female
285;1;2022-04-28;1996;Other
286;2;2021-03-04;1989;Female
287;2;2021-09-20;1982;Other
288;4;2021-07-22;1984;Male
289;3;2020-04-15;1980;Male
290;4;2020-09-24;1998;Female
291;3;2022-06-10;1982;Other
292;4;2020-07-12;1985;Other
293;1;2023-04-24;1999;Female
294;3;2021-09-16;1978;Other
295;2;2020-10-13;1966;Other
296;4;2022-07-17;2002;Female
297;1;2022-10-11;1966;Male
298;4;2020-08-07;1994;Other
299;1;2020-06-21;1964;Female
300;3;2022-11-14;1971;Other
301;1;2020-10-12;1970;Other
302;2;2020-02-26;1997;Other
303;4;2023-11-28;2001;Other
304;4;2021-07-28;1979;Male
305;1;2020-06-08;1976;Other
306;4;2021-06-13;1966;Female
307;4;2022-05-04;1989;Male
308;4;2021-07-28;1979;Female
309;1;2022-08-12;1965;Other
310;3;2023-05-15;1993;Other
311;2;2022-06-16;1991;Other
312;4;2021-12-08;1990;Other
313;4;2021-01-13;1979;Female
314;2;2023-11-09;1992;Male
315;1;2022-02-20;1967;Male
316;1;2023-12-20;1983;Other
317;2;2022-02-15;1974;Other
318;3;2023-11-17;1969;Female
319;2;2022-03-03;1969;Male
320;4;2021-09-12;2000;Other
321;1;2022-06-25;1969;Female
322;4;2022-05-13;2004;Female
323;2;2021-10-10;1992;Female
324;2;2023-09-23;1977;Other
325;3;2021-09-21;1966;Other
326;1;2020-01-27;2001;Female
327;4;2022-09-03;1960;Other
328;2;2021-05-13;2003;Female
329;4;2023-11-21;1979;Other
330;4;2022-04-23;1972;Female
331;1;2020-01-09;1968;Male
332;2;2022-02-25;1997;Other
333;1;2022-07-08;2004;Male
334;2;2021-02-14;1993;Male
335;4;2020-02-11;1974;Male
336;2;2022-07-23;1987;Male
337;3;2022-09-25;1969;Female
338;2;2021-08-01;1980;Male
339;1;2023-12-07;1986;Female
340;4;2022-03-27;1973;Other
341;4;2023-09-25;1979;Female
342;4;2023-06-24;2004;Male
343;2;2022-12-08;1998;Other
344;3;2021-06-02;1995;Male
345;1;2022-12-24;1980;Other
346;4;2021-08-27;1993;Female
347;1;2022-05-25;1994;Male
348;4;2021-06-25;1970;Male
349;4;2022-02-25;2001;Other
350;3;2023-04-11;1986;Male
351;1;2020-10-06;1988;Male
352;3;2021-09-05;1971;Other
353;1;2022-06-21;1985;Male
354;3;2020-12-07;1965;Male
355;4;2020-06-09;1973;Male
356;3;2022-01-21;2002;Male
357;1;2021-03-20;2001;Male
358;1;2023-02-15;1980;Female
359;3;2022-08-26;1980;Male
360;3;2023-03-07;1970;Other
361;1;2022-05-02;1963;Female
362;2;2021-08-10;1975;Male
363;3;2023-06-24;1982;Male
364;3;2021-03-26;1996;Male
365;3;2022-12-21;2003;Other
366;3;2022-10-09;1980;Female
367;4;2020-08-28;1997;Other
368;2;2022-10-14;1972;Female
369;1;2021-05-28;1968;Female
370;1;2020-03-03;1991;Male
371;3;2021-09-15;1983;Male
372;4;2022-07-19;1976;Male
373;3;2023-10-17;1999;Male
374;3;2020-05-23;1988;Male
375;1;2021-05-21;1967;Female
376;4;2021-05-09;1990;Male
377;3;2020-04-07;1960;Male
378;2;2023-05-11;1982;Male
379;2;2021-06-19;1971;Other
380;4;2021-11-19;1969;Other
381;3;2023-06-21;1967;Female
382;1;2022-01-15;1967;Female
383;4;2023-08-19;1997;Other
384;4;2020-04-22;1969;Other
385;1;2023-06-18;1976;Female
386;1;2022-10-22;1969;Other
387;2;2021-09-02;1972;Male
388;4;2022-09-05;1999;Other
389;3;2022-05-28;1968;Female
390;3;2020-12-22;1991;Female
391;4;2020-03-26;1999;Female
392;3;2021-04-09;1987;Female
393;2;2023-02-19;1999;Other
394;3;2023-08-28;1963;Female
395;3;2022-03-05;2000;Male
396;1;2022-11-02;1990;Male
397;2;2022-07-17;2003;Male
398;4;2020-12-12;1978;Other
399;2;2020-05-24;1960;Other
400;4;2020-09-26;1990;Female
401;1;2023-01-10;1978;Other
402;2;2021-10-02;1960;Other
403;2;2023-08-20;1986;Male
404;3;2020-08-19;1970;Female
405;4;2021-12-23;1976;Male
406;3;2021-03-26;1989;Other
407;2;2020-11-15;1967;Other
408;1;2020-01-15;1978;Female
409;4;2020-01-20;1971;Male
410;3;2023-05-17;1985;Female
411;1;2023-04-15;1992;Male
412;4;2021-05-10;1960;Male
413;4;2020-06-10;2003;Other
414;1;2022-08-21;1997;Female
415;3;2023-07-21;1988;Male
416;3;2021-09-20;1985;Female
417;2;2022-02-27;1997;Other
418;1;2022-01-25;1964;Male
419;1;2023-04-19;1994;Other
420;2;2023-12-03;1973;Female
421;2;2020-10-27;1972;Male
422;3;2021-05-13;1992;Other
423;4;2021-08-26;1971;Male
424;4;2020-07-08;1991;Other
425;3;2023-03-10;1997;Male
426;2;2022-12-05;1988;Male
427;1;2022-10-14;1980;Other
428;3;2020-06-15;2004;Other
429;3;2023-03-06;1984;Female
430;4;2023-01-20;1963;Male
431;4;2020-11-18;1997;Other
432;3;2020-12-07;1978;Other
433;2;2023-08-21;1970;Female
434;1;2023-11-22;1982;Male
435;2;2020-12-25;1992;Other
436;2;2022-05-04;1975;Other
437;3;2022-04-23;1996;Male
438;1;2021-09-26;1965;Male
439;1;2021-05-10;2000;Male
440;2;2021-10-02;1989;Other
441;1;2021-03-05;1977;Male
442;4;2020-04-25;1973;Female
443;2;2022-07-16;1998;Male
444;1;2021-07-07;1989;Female
445;4;2023-05-02;1983;Female
446;3;2020-06-05;1995;Female
447;4;2023-08-23;1967;Other
448;2;2021-09-05;1990;Male
449;3;2021-04-01;2004;Male
450;2;2020-03-28;1981;Female
451;2;2020-06-19;1983;Male
452;4;2020-03-17;1976;Female
453;1;2020-09-05;1998;Other
454;1;2023-08-11;1991;Other
455;3;2021-04-20;1991;Other
456;2;2022-04-16;1978;Male
457;2;2022-02-04;1995;Male
458;2;2021-09-27;2004;Female
459;2;2020-09-01;2004;Other
460;1;2023-06-02;2002;Female
461;1;2021-11-03;2005;Male
462;3;2021-07-24;1982;Male
463;2;2022-01-17;1993;Female
464;3;2020-11-08;1997;Male
465;2;2021-03-18;1994;Other
466;4;2021-07-06;1990;Male
467;1;2023-01-13;1995;Male
468;1;2020-12-07;2000;Male
469;3;2022-01-06;1972;Female
470;4;2021-06-05;1994;Female
471;2;2020-01-24;1962;Male
472;2;2023-01-14;1977;Male
473;1;2021-10-06;2004;Female
474;3;2021-03-15;1977;Other
475;2;2020-10-09;1972;Female
476;4;2023-06-08;1962;Other
477;4;2020-10-21;1973;Male
478;1;2023-09-02;1973;Male
479;1;2021-05-14;1999;Female
480;2;2020-09-20;1973;Female
481;4;2020-02-02;1990;Female
482;2;2022-03-08;2001;Female
483;3;2020-04-25;1988;Female
484;3;2020-03-10;1975;Male
485;2;2023-07-03;2002;Female
486;2;2021-08-13;2005;Male
487;2;2023-05-27;1961;Male
488;1;2020-02-13;1989;Other
489;4;2020-04-01;1961;Other
490;2;2022-07-11;1989;Female
491;1;2020-03-04;1962;Male
492;4;2023-05-14;1999;Other
493;1;2022-05-25;1975;Male
494;4;2021-02-04;1966;Female
495;3;2021-10-28;1986;Male
496;3;2023-08-12;1974;Female
497;4;2021-01-11;1982;Other
498;4;2020-04-17;2001;Male
499;4;2022-06-13;1968;Other
500;1;2023-02-20;1994;Other
501;3;2023-08-28;2002;Female
502;4;2021-12-18;1978;Other
503;4;2022-11-15;1973;Female
504;3;2020-05-09;1992;Female
505;2;2020-09-06;1970;Other
506;4;2023-01-20;1992;Other
507;1;2023-05-15;1981;Other
508;3;2022-07-24;1991;Male
509;4;2023-03-11;1991;Male
510;2;2020-12-26;1985;Female
511;1;2021-01-02;1970;Other
512;1;2022-09-17;1968;Other
513;2;2023-04-08;1970;Female
514;4;2022-08-25;2005;Female
515;3;2023-08-15;2002;Male
516;2;2023-03-26;1961;Female
517;1;2023-01-20;1991;Male
518;2;2022-01-19;1974;Other
519;2;2021-03-08;1964;Female
520;3;2020-08-25;1999;Female
521;4;2022-06-15;1961;Male
522;3;2023-06-14;1961;Male
523;1;2020-05-23;1999;Male
524;4;2021-08-24;2000;Male
525;2;2023-12-24;2000;Male
526;3;2021-05-01;1967;Female
527;2;2022-12-24;1998;Female
528;3;2023-03-20;1983;Female
529;4;2022-02-20;2000;Other
530;4;2022-07-06;1983;Female
531;2;2022-10-13;1977;Other
532;1;2021-12-23;1971;Other
533;3;2021-01-12;1978;Female
534;2;2021-11-10;1993;Other
535;3;2020-01-19;1963;Other
536;3;2022-01-16;1975;Female
537;2;2023-02-03;2001;Other
538;3;2021-08-04;2004;Other
539;1;2023-06-27;1974;Male
540;2;2022-11-28;1971;Female
541;4;2023-01-27;2005;Male
542;1;2023-06-22;1977;Male
543;3;2020-04-01;1963;Female
544;4;2022-01-12;1963;Female
545;1;2020-07-01;1962;Female
546;2;2023-04-28;1963;Other
547;3;2022-01-23;1991;Female
548;4;2022-02-23;1980;Other
549;4;2021-07-23;1965;Male
550;2;2020-11-11;1964;Other
551;4;2020-04-10;1960;Other
552;3;2022-04-05;1975;Male
553;4;2021-03-11;1976;Male
554;1;2021-10-26;1967;Other
555;4;2020-02-22;1989;Other
556;3;2023-08-09;1960;Female
557;3;2023-11-03;1993;Male
558;1;2023-02-23;2002;Female
559;1;2020-03-15;1996;Female
560;1;2022-01-27;1964;Male
561;3;2023-02-12;2003;Male
562;1;2020-01-06;1998;Other
563;2;2022-03-18;1970;Male
564;2;2020-01-21;1970;Other
565;1;2023-01-08;1967;Male
566;3;2023-06-23;2002;Male
567;2;2022-03-18;1991;Female
568;2;2022-01-13;1989;Female
569;4;2023-09-19;1975;Male
570;3;2023-02-07;1980;Other
571;1;2023-07-17;2000;Male
572;4;2021-12-26;1994;Male
573;1;2023-03-25;1960;Female
574;4;2021-03-04;2005;Other
575;4;2023-03-12;1973;Other
576;3;2020-06-18;1974;Other
577;2;2023-12-25;1963;Male
578;1;2021-01-11;2000;Other
579;2;2022-04-28;1960;Other
580;1;2020-01-17;1997;Female
581;1;2023-02-08;2005;Female
582;2;2021-03-12;2001;Male
583;3;2023-09-24;2004;Other
584;3;2020-01-14;1979;Male
585;1;2020-12-12;1962;Other
586;3;2023-01-22;1991;Female
587;2;2022-05-07;1978;Other
588;1;2021-04-24;1962;Female
589;3;2021-11-07;2005;Male
590;1;2020-12-04;1961;Female
591;4;2023-07-12;1995;Female
592;4;2022-09-16;2004;Male
593;4;2022-02-05;1990;Female
594;1;2022-09-23;1970;Male
595;2;2021-10-02;2002;Female
596;3;2020-04-26;1986;Other
597;2;2020-07-05;2003;Male
598;2;2020-05-20;1980;Other
599;4;2022-06-21;1973;Other
600;4;2021-06-20;1996;Other
601;1;2023-11-03;1979;Male
602;4;2023-11-26;1994;Other
603;2;2020-10-22;1969;Male
604;3;2021-05-27;1981;Other
605;4;2020-08-21;1966;Female
606;4;2021-03-18;1994;Female
607;1;2023-03-10;1975;Female
608;4;2022-12-26;1980;Male
609;3;2021-06-18;1984;Female
610;1;2021-05-20;1971;Female
611;3;2023-12-03;1998;Other
612;1;2022-11-07;1991;Male
613;3;2023-10-16;1973;Other
614;3;2021-12-11;2000;Other
615;1;2021-04-13;1980;Male
616;3;2020-02-28;1985;Female
617;4;2021-11-11;1986;Male
618;1;2023-02-12;2002;Male
619;2;2021-08-18;1960;Female
620;1;2022-02-20;2000;Female
621;1;2021-06-07;1970;Other
622;3;2023-09-25;1996;Other
623;1;2023-02-07;1970;Other
624;1;2020-05-15;1979;Female
625;1;2020-03-21;1981;Male
626;2;2022-09-16;1987;Other
627;1;2021-12-13;1995;Female
628;2;2020-05-08;1994;Other
629;1;2021-04-03;1965;Other
630;3;2023-09-07;2003;Female
631;3;2022-06-23;1983;Other
632;2;2021-09-14;1996;Other
633;3;2022-05-03;1968;Female
634;3;2020-06-09;1963;Other
635;2;2022-12-07;1968;Other
636;1;2021-03-16;1997;Female
637;1;2021-03-24;1978;Female
638;3;2021-09-12;1964;Female
639;2;2023-12-09;1990;Other
640;2;2021-06-28;1986;Female
641;1;2022-02-08;1997;Female
642;2;2022-09-18;1992;Female
643;1;2020-01-02;1997;Male
644;4;2023-05-09;1975;Female
645;1;2022-08-23;1990;Female
646;4;2023-08-03;1989;Other
647;3;2021-03-01;1960;Other
648;4;2022-02-14;1983;Other
649;3;2022-05-26;1976;Female
650;3;2022-04-05;1993;Female
651;2;2021-03-06;1998;Male
652;3;2022-06-14;1975;Female
653;2;2020-12-16;1972;Female
654;1;2022-12-18;2003;Female
655;4;2023-10-07;1972;Female
656;4;2021-05-07;1993;Female
657;2;2023-06-27;1980;Male
658;3;2020-03-26;1991;Other
659;3;2020-02-21;1993;Female
660;2;2023-01-07;1973;Male
661;2;2021-10-14;1976;Male
662;2;2021-04-15;2003;Male
663;4;2021-07-17;1974;Other
664;2;2022-05-23;1967;Female
665;3;2023-10-03;1984;Other
666;4;2022-11-13;1963;Female
667;2;2023-11-04;1963;Male
668;1;2023-06-22;1984;Other
669;1;2021-07-07;1986;Other
670;4;2022-11-21;1971;Male
671;2;2021-01-26;1997;Male
672;2;2021-04-17;1968;Other
673;4;2020-09-17;1981;Other
674;3;2021-05-21;1983;Male
675;3;2022-09-25;1999;Other
676;1;2021-08-26;1991;Female
677;1;2021-03-18;1991;Female
678;2;2022-08-14;1987;Male
679;1;2022-02-24;1964;Male
680;1;2023-03-23;1986;Female
681;1;2020-01-03;1999;Female
682;4;2021-01-17;1998;Male
683;2;2023-12-03;2002;Female
684;1;2021-09-05;1978;Female
685;4;2021-08-07;1979;Other
686;2;2023-04-03;2005;Other
687;4;2020-06-23;1994;Female
688;4;2021-07-11;1972;Female
689;1;2022-11-26;1990;Female
690;4;2020-12-28;1972;Female
691;4;2021-03-22;1995;Female
692;3;2021-07-18;1984;Female
693;1;2020-02-20;2005;Other
694;3;2022-09-17;1970;Male
695;3;2021-11-03;2001;Male
696;4;2023-04-28;1997;Female
697;4;2021-10-03;2002;Other
698;2;2023-08-20;1971;Female
699;4;2020-04-12;1983;Male
700;2;2020-11-21;1964;Other
701;1;2023-03-14;1983;Male
702;3;2020-04-17;1980;Female
703;1;2021-01-24;1981;Female
704;2;2023-09-20;1975;Male
705;4;2023-08-24;1961;Other
706;4;2021-02-24;1995;Male
707;1;2020-11-01;1997;Other
708;4;2021-01-16;1969;Female
709;4;2022-02-12;1997;Female
710;3;2023-04-03;1985;Other
711;1;2022-09-17;1967;Female
712;1;2021-06-28;1960;Other
713;3;2022-09-09;1971;Other
714;2;2021-12-25;1976;Female
715;2;2020-07-21;2001;Female
716;1;2021-03-26;2001;Other
717;4;2023-08-28;1994;Male
718;3;2022-07-12;2004;Other
719;3;2020-06-27;1960;Other
720;1;2020-08-20;1981;Other
721;1;2022-02-05;1971;Female
722;4;2022-06-09;1991;Female
723;3;2023-07-07;1983;Other
724;1;2020-11-20;2002;Male
725;4;2021-03-19;1967;Male
726;4;2023-09-21;1993;Male
727;4;2021-01-26;2002;Male
728;3;2022-06-11;1983;Other
729;2;2023-09-19;1968;Male
730;1;2021-06-28;1966;Female
731;3;2023-06-22;1978;Other
732;1;2021-02-10;1990;Female
733;3;2022-03-26;1994;Female
734;3;2023-02-15;1964;Male
735;3;2023-01-08;1978;Male
736;3;2023-03-10;1974;Male
737;3;2022-03-18;1967;Male
738;4;2023-04-08;1975;Other
739;1;2023-05-10;2004;Male
740;4;2020-01-16;1994;Other
741;3;2021-12-28;1964;Female
742;2;2021-10-17;1977;Male
743;1;2021-07-18;1985;Male
744;3;2022-04-22;2001;Male
745;4;2022-07-06;1993;Female
746;3;2020-11-13;1975;Female
747;1;2022-04-12;2001;Male
748;4;2020-12-28;1998;Female
749;3;2021-11-02;1996;Other
750;1;2021-07-21;1960;Other
751;2;2021-01-05;1988;Other
752;3;2023-10-13;1962;Male
753;1;2022-12-06;1989;Other
754;3;2021-09-27;2000;Female
755;2;2023-09-01;1978;Female
756;1;2021-09-04;1973;Female
757;3;2021-07-08;1963;Other
758;1;2023-05-06;1987;Other
759;1;2021-12-27;1961;Male
760;3;2021-02-15;1993;Other
761;2;2020-08-24;1981;Other
762;2;2020-11-25;1997;Male
763;4;2022-08-10;1975;Other
764;4;2021-04-06;1991;Female
765;2;2020-02-21;1984;Other
766;2;2020-03-04;1964;Other
767;4;2020-07-10;1986;Other
768;2;2020-05-23;1968;Female
769;1;2022-07-15;1978;Male
770;4;2022-07-27;2003;Other
771;1;2022-08-16;1998;Male
772;1;2020-02-02;1983;Male
773;2;2022-06-27;1999;Other
774;2;2020-01-20;1970;Female
775;2;2020-08-02;1981;Female
776;2;2022-07-06;1985;Male
777;4;2023-02-05;2003;Female
778;4;2022-10-13;1965;Female
779;2;2020-06-05;1989;Male
780;3;2023-03-07;1976;Male
781;1;2021-07-16;1971;Female
782;2;2020-11-18;1987;Female
783;3;2020-02-09;1998;Female
784;1;2022-04-01;1998;Female
785;3;2023-06-27;1997;Male
786;4;2023-12-23;1969;Other
787;1;2022-12-18;1965;Male
788;1;2021-03-19;1981;Other
789;3;2022-12-09;1974;Other
790;3;2023-12-11;2001;Male
791;4;2021-03-04;2004;Male
792;1;2022-11-20;1975;Male
793;1;2021-06-03;1965;Male
794;4;2022-12-03;1992;Female
795;3;2021-07-01;1969;Female
796;3;2020-03-13;1967;Male
797;2;2020-04-25;1965;Female
798;4;2020-08-05;1970;Male
799;4;2022-11-19;1982;Female
800;3;2022-03-08;1974;Male
801;1;2022-11-05;1991;Male
802;4;2023-02-03;1997;Other
803;2;2023-04-07;1992;Female
804;4;2020-12-02;1999;Male
805;4;2023-11-14;1964;Other
806;3;2021-05-23;1973;Male
807;2;2022-09-19;1986;Other
808;4;2020-06-10;1971;Male
809;4;2022-12-27;2002;Male
810;4;2020-09-20;2004;Male
811;3;2021-03-18;1995;Other
812;1;2022-08-03;1973;Other
813;1;2022-09-01;1975;Other
814;3;2023-09-22;1971;Male
815;4;2020-08-01;1999;Female
816;4;2022-11-17;1962;Other
817;2;2021-12-11;1974;Male
818;3;2022-10-02;1980;Other
819;3;2020-02-20;1967;Female
820;3;2021-02-06;2005;Male
821;1;2020-12-02;1961;Other
822;3;2021-01-26;2002;Female
823;3;2020-04-05;1987;Other
824;2;2023-05-02;1972;Male
825;2;2022-04-01;1964;Other
826;4;2020-12-28;1968;Female
827;1;2023-11-15;1991;Male
828;1;2020-08-22;1982;Female
829;1;2021-10-04;1990;Male
830;3;2020-03-15;1988;Other
831;1;2021-07-23;1994;Female
832;3;2023-03-16;2005;Female
833;1;2021-11-11;1981;Other
834;3;2022-05-16;1961;Male
835;3;2023-12-15;2003;Other
836;3;2023-09-23;1972;Female
837;1;2023-09-17;1979;Other
838;4;2021-02-01;1981;Other
839;4;2021-12-13;1984;Female
840;3;2021-04-27;1989;Other
841;2;2022-04-11;1972;Male
842;3;2022-01-23;1974;Female
843;4;2020-04-24;1980;Male
844;1;2022-09-06;1996;Other
845;1;2020-01-20;1993;Other
846;1;2021-08-02;1974;Female
847;3;2022-11-09;1970;Other
848;2;2020-03-09;1979;Male
849;2;2022-07-28;1965;Female
850;2;2023-02-04;1986;Other
851;4;2021-04-01;1996;Female
852;4;2022-05-14;1966;Female
853;1;2022-02-01;1990;Other
854;4;2021-03-14;1979;Male
855;3;2020-02-27;1984;Male
856;1;2023-10-21;1975;Other
857;3;2022-01-28;1967;Male
858;4;2021-12-04;1986;Female
859;1;2021-09-20;1990;Female
860;4;2022-06-02;1975;Male
861;1;2020-09-22;1973;Male
862;1;2023-01-20;1990;Female
863;2;2020-12-25;2000;Female
864;3;2022-12-24;1989;Female
865;3;2022-05-04;1984;Other
866;2;2022-05-13;1989;Other
867;3;2020-09-26;1996;Female
868;2;2023-02-18;1968;Female
869;1;2023-11-26;1980;Other
870;1;2021-10-20;1981;Male
871;1;2022-06-18;1973;Female
872;3;2021-12-23;1964;Male
873;4;2021-01-05;1994;Male
874;3;2023-09-18;2004;Female
875;2;2022-07-26;1999;Female
876;3;2020-07-28;1967;Female
877;1;2023-02-08;1967;Male
878;1;2023-05-25;1977;Male
879;2;2021-02-15;1994;Other
880;1;2021-09-02;1997;Male
881;3;2021-01-15;1999;Male
882;3;2022-10-15;2003;Other
883;3;2020-09-07;2004;Female
884;3;2023-01-22;2004;Other
885;3;2023-04-09;1972;Other
886;2;2022-04-21;1969;Other
887;3;2021-09-02;1994;Other
888;3;2020-11-14;2002;Female
889;2;2023-06-22;1971;Male
890;2;2022-05-21;1977;Other
891;2;2021-03-15;2002;Other
892;3;2020-11-25;1977;Other
893;4;2021-12-05;1987;Other
894;2;2022-07-24;2005;Other
895;3;2021-10-21;1977;Male
896;2;2020-09-01;1983;Other
897;2;2020-01-24;1976;Male
898;3;2020-01-21;1974;Female
899;1;2023-05-13;1973;Other
900;4;2022-10-05;2005;Female
901;2;2021-06-21;1970;Other
902;2;2021-12-05;2001;Male
903;1;2020-07-10;1963;Female
904;4;2023-08-10;1970;Male
905;1;2020-12-12;1991;Other
906;3;2022-07-23;1969;Other
907;3;2021-09-25;1972;Female
908;2;2023-11-04;1967;Other
909;1;2023-05-22;1993;Male
910;1;2020-11-20;1998;Male
911;3;2020-05-12;1997;Other
912;3;2021-07-05;1976;Other
913;2;2023-03-26;1973;Female
914;4;2020-06-28;1988;Other
915;3;2021-04-06;1964;Male
916;1;2020-10-25;1999;Male
917;2;2022-01-27;1960;Male
918;3;2023-11-24;1962;Other
919;2;2022-04-22;1991;Male
920;2;2022-09-09;1963;Other
921;3;2021-06-25;1977;Male
922;1;2021-12-20;1976;Male
923;1;2022-05-17;1966;Other
924;4;2022-11-01;1969;Male
925;3;2023-09-12;1979;Other
926;1;2022-11-13;1970;Other
927;3;2023-10-28;1984;Female
928;3;2023-06-27;1994;Male
929;1;2023-08-17;1973;Other
930;2;2022-09-16;1982;Male
931;3;2021-12-08;1986;Female
932;4;2021-03-22;1971;Male
933;4;2023-04-05;1995;Male
934;2;2021-01-02;1963;Female
935;1;2020-04-13;1971;Other
936;1;2023-03-22;1978;Male
937;2;2020-11-17;1986;Other
938;2;2023-06-17;1974;Other
939;2;2020-12-24;1964;Female
940;1;2023-11-19;1969;Female
941;3;2022-05-24;1982;Female
942;1;2021-10-24;1989;Male
943;2;2020-08-02;2002;Male
944;3;2021-07-12;1967;Male
945;1;2020-01-09;1965;Other
946;4;2020-08-10;1970;Male
947;2;2021-04-16;1977;Female
948;2;2020-09-03;1979;Male
949;3;2022-02-04;1990;Male
950;3;2023-03-15;1977;Male
951;2;2023-08-05;1972;Male
952;2;2022-05-21;1986;Other
953;4;2020-12-01;1974;Male
954;3;2021-02-07;1990;Female
955;2;2020-04-24;2001;Male
956;3;2022-04-09;2002;Female
957;1;2022-08-22;1998;Male
958;1;2020-02-19;1992;Male
959;4;2021-11-16;1999;Other
960;3;2023-04-15;1970;Other
961;1;2021-12-02;1960;Male
962;2;2021-10-16;1996;Male
963;4;2020-07-14;1966;Other
964;4;2023-03-27;1967;Other
965;4;2023-05-28;1995;Female
966;2;2023-03-09;1964;Male
967;2;2023-02-09;1995;Male
968;3;2020-04-12;1974;Female
969;1;2022-02-01;1971;Male
970;3;2023-04-04;1995;Female
971;2;2020-08-02;2003;Male
972;1;2020-09-25;1967;Other
973;2;2020-05-13;1961;Other
974;2;2021-08-20;1960;Other
975;2;2020-01-13;1986;Female
976;1;2022-06-17;1975;Other
977;4;2021-05-04;1982;Female
978;1;2021-03-21;1960;Male
979;1;2022-02-23;2005;Female
980;4;2023-10-20;1970;Female
981;1;2021-05-04;1965;Female
982;4;2021-12-02;1983;Female
983;1;2023-10-27;2002;Male
984;4;2021-11-02;1998;Male
985;3;2021-04-22;1976;Female
986;1;2020-09-01;1989;Other
987;3;2020-04-24;2003;Other
988;4;2021-10-04;1998;Male
989;3;2020-03-13;1966;Male
990;1;2023-02-26;2005;Female
991;1;2023-09-14;1999;Other
992;1;2020-11-14;1985;Female
993;1;2020-03-03;1978;Other
994;2;2023-11-07;1987;Other
995;1;2023-12-25;1976;Other
996;4;2021-06-06;1985;Other
997;2;2020-09-08;2004;Other
998;3;2023-03-09;1989;Other
999;1;2021-05-05;1984;Female
1000;1;2022-02-13;1968;Female
