1;3;11.27;48.65;23.58;2022-01-01
2;5;-3.86;45.49;4.16;2022-01-02
3;5;29.77;40.46;0.58;2022-01-03
4;1;20.16;18.39;7.36;2022-01-04
5;1;9.84;22.8;26.29;2022-01-05
6;2;-0.35;49.04;3.21;2022-01-06
7;2;26.3;29.99;5.35;2022-01-07
8;4;8.9;39.99;9.82;2022-01-08
9;6;24.96;13.91;7.02;2022-01-09
10;2;9.94;18.61;27.92;2022-01-10
11;4;20.46;38.46;4.52;2022-01-11
12;4;28.57;16.88;14.36;2022-01-12
13;2;14.3;23.19;22.85;2022-01-13
14;4;28.87;30.37;4.91;2022-01-14
15;4;6.68;22.34;7.29;2022-01-15
16;6;13.85;23.41;17.16;2022-01-16
17;5;27.4;49.31;17.87;2022-01-17
18;4;-5.09;2.71;12.08;2022-01-18
19;6;17.39;24.85;19.19;2022-01-19
20;3;-0.87;30.3;7.58;2022-01-20
21;4;-2.77;39.12;9.25;2022-01-21
22;4;27.74;12.97;18.57;2022-01-22
23;5;14.24;29.81;29.3;2022-01-23
24;5;32.31;28.8;5.82;2022-01-24
25;2;4.95;28.98;13.68;2022-01-25
26;6;19.98;7.4;7.42;2022-01-26
27;2;17.3;21.77;12.45;2022-01-27
28;2;1.09;5.42;12.32;2022-01-28
29;7;-3.61;31.76;15.03;2022-02-01
30;3;3.26;41.18;1.97;2022-02-02
31;6;-2.83;29.47;1.09;2022-02-03
32;1;-5.69;21.35;0.31;2022-02-04
33;7;0.48;40.99;5.69;2022-02-05
34;3;5.34;30.72;27.11;2022-02-06
35;7;15.02;37.28;17.6;2022-02-07
36;2;-5.89;9.73;6.83;2022-02-08
37;2;-7.24;43.68;0.54;2022-02-09
38;7;-4.17;32.15;5.05;2022-02-10
39;3;29.98;14.09;27.13;2022-02-11
40;2;-2.62;35.61;4.55;2022-02-12
41;1;6.97;46.99;14.62;2022-02-13
42;5;-4.27;43.25;26.99;2022-02-14
43;6;-7.47;16.17;0.81;2022-02-15
44;3;11.47;3.37;1.22;2022-02-16
45;5;-1.26;16.0;17.25;2022-02-17
46;6;7.65;13.48;27.58;2022-02-18
47;5;20.18;23.93;6.46;2022-02-19
48;6;25.07;46.53;14.92;2022-02-20
49;5;1.38;39.8;6.0;2022-02-21
50;7;26.78;20.91;8.21;2022-02-22
51;4;-9.81;35.5;1.44;2022-02-23
52;4;29.66;45.58;6.44;2022-02-24
53;1;6.23;42.88;12.5;2022-02-25
54;3;-8.4;20.5;28.96;2022-02-26
55;7;26.41;40.3;23.58;2022-02-27
56;5;4.55;12.37;27.51;2022-02-28
57;1;22.59;10.14;27.8;2022-03-01
58;7;21.45;32.91;26.62;2022-03-02
59;4;33.74;15.79;17.65;2022-03-03
60;3;32.6;32.69;2.34;2022-03-04
61;4;2.06;38.57;26.23;2022-03-05
62;4;14.68;23.48;1.05;2022-03-06
63;1;21.8;28.21;27.51;2022-03-07
64;5;7.23;15.02;14.75;2022-03-08
65;2;23.96;41.42;9.3;2022-03-09
66;3;29.04;18.68;22.27;2022-03-10
67;3;33.87;4.44;21.77;2022-03-11
68;3;8.96;24.14;16.94;2022-03-12
69;6;11.38;10.31;21.38;2022-03-13
70;5;34.91;23.61;5.56;2022-03-14
71;6;4.82;4.73;15.25;2022-03-15
72;7;-3.28;8.27;0.22;2022-03-16
73;6;28.28;24.01;10.61;2022-03-17
74;7;18.25;45.75;4.18;2022-03-18
75;6;26.27;6.54;4.66;2022-03-19
76;6;-7.16;0.15;28.36;2022-03-20
77;4;10.45;45.96;28.84;2022-03-21
78;6;8.32;6.45;28.92;2022-03-22
79;6;22.21;12.4;14.08;2022-03-23
80;5;7.39;34.57;28.05;2022-03-24
81;6;-2.6;19.57;17.32;2022-03-25
82;3;27.17;12.67;23.87;2022-03-26
83;3;33.34;24.86;14.44;2022-03-27
84;6;23.24;33.68;3.52;2022-03-28
85;6;-9.18;5.25;12.57;2022-04-01
86;6;20.45;0.74;0.18;2022-04-02
87;5;6.59;43.89;4.11;2022-04-03
88;2;25.61;43.18;5.69;2022-04-04
89;6;26.85;31.99;24.07;2022-04-05
90;5;5.72;23.01;15.89;2022-04-06
91;1;-5.13;20.49;14.76;2022-04-07
92;5;0.94;46.45;3.56;2022-04-08
93;6;28.98;27.47;24.96;2022-04-09
94;3;1.8;13.86;14.47;2022-04-10
95;6;14.12;4.09;16.65;2022-04-11
96;3;-5.07;15.71;24.6;2022-04-12
97;6;22.47;17.18;10.43;2022-04-13
98;1;10.83;33.41;28.03;2022-04-14
99;7;20.13;34.88;27.65;2022-04-15
100;2;14.58;29.49;19.44;2022-04-16
101;5;19.23;31.67;21.44;2022-04-17
102;4;-7.88;36.77;2.13;2022-04-18
103;2;5.94;20.69;24.59;2022-04-19
104;1;22.6;24.67;24.68;2022-04-20
105;7;19.51;3.4;6.89;2022-04-21
106;6;27.81;41.42;21.49;2022-04-22
107;5;34.07;23.34;20.72;2022-04-23
108;1;-5.52;31.37;25.69;2022-04-24
109;6;2.09;38.4;22.23;2022-04-25
110;6;11.7;42.68;18.32;2022-04-26
111;7;7.81;34.74;26.02;2022-04-27
112;5;29.6;49.66;0.46;2022-04-28
113;6;26.35;3.09;15.89;2022-05-01
114;6;16.35;32.01;16.82;2022-05-02
115;4;24.0;9.57;8.87;2022-05-03
116;1;5.46;7.85;1.01;2022-05-04
117;7;2.78;49.01;21.13;2022-05-05
118;6;3.56;26.73;9.76;2022-05-06
119;1;17.8;32.62;19.94;2022-05-07
120;2;25.41;20.49;12.92;2022-05-08
121;3;23.34;1.36;5.86;2022-05-09
122;2;21.04;45.06;12.22;2022-05-10
123;6;-4.67;43.17;14.68;2022-05-11
124;5;0.17;18.29;13.53;2022-05-12
125;7;30.25;38.0;21.87;2022-05-13
126;6;19.78;27.41;13.54;2022-05-14
127;6;1.56;30.73;4.99;2022-05-15
128;5;-5.41;30.3;26.94;2022-05-16
129;4;11.24;42.43;17.55;2022-05-17
130;1;17.68;29.22;11.09;2022-05-18
131;1;5.98;7.97;28.15;2022-05-19
132;2;18.38;48.42;18.14;2022-05-20
133;1;5.4;7.21;11.78;2022-05-21
134;7;11.06;20.07;23.97;2022-05-22
135;5;-9.92;11.55;4.5;2022-05-23
136;7;13.52;14.1;4.52;2022-05-24
137;5;12.77;47.07;22.59;2022-05-25
138;4;10.5;38.25;28.57;2022-05-26
139;4;15.11;14.68;18.6;2022-05-27
140;1;9.07;22.32;8.12;2022-05-28
141;1;11.81;8.41;0.79;2022-06-01
142;4;-5.4;43.71;28.41;2022-06-02
143;3;34.3;28.85;12.46;2022-06-03
144;7;2.98;13.06;18.81;2022-06-04
145;2;7.09;41.63;26.07;2022-06-05
146;4;23.16;12.65;25.89;2022-06-06
147;1;8.48;44.47;23.91;2022-06-07
148;6;29.66;7.55;4.28;2022-06-08
149;1;0.97;45.11;10.08;2022-06-09
150;7;29.98;33.41;25.31;2022-06-10
151;4;8.17;44.38;28.13;2022-06-11
152;3;25.53;2.44;5.32;2022-06-12
153;6;5.46;12.38;23.7;2022-06-13
154;1;18.94;45.29;21.25;2022-06-14
155;1;13.87;2.44;11.43;2022-06-15
156;1;17.89;30.9;19.65;2022-06-16
157;7;23.69;25.27;28.25;2022-06-17
158;6;10.02;21.55;5.77;2022-06-18
159;2;-7.65;22.83;8.94;2022-06-19
160;2;13.19;3.13;8.02;2022-06-20
161;4;26.45;37.78;26.63;2022-06-21
162;2;-8.62;5.31;14.45;2022-06-22
163;2;22.76;18.84;26.32;2022-06-23
164;5;-7.05;34.11;24.06;2022-06-24
165;6;7.43;45.15;7.98;2022-06-25
166;6;-4.52;15.53;23.01;2022-06-26
167;7;-0.94;1.75;26.79;2022-06-27
168;7;20.39;0.08;20.8;2022-06-28
169;2;-4.22;32.8;6.99;2022-07-01
170;5;31.37;15.51;19.25;2022-07-02
171;2;-7.25;40.15;9.93;2022-07-03
172;3;0.35;30.54;22.12;2022-07-04
173;7;2.56;40.6;19.27;2022-07-05
174;3;-2.69;36.36;28.73;2022-07-06
175;6;34.76;38.74;7.03;2022-07-07
176;7;8.01;24.57;9.49;2022-07-08
177;5;12.69;27.94;15.1;2022-07-09
178;3;-6.01;12.13;8.21;2022-07-10
179;7;21.03;33.77;16.69;2022-07-11
180;7;20.99;13.18;0.13;2022-07-12
181;3;12.38;4.0;21.67;2022-07-13
182;3;27.22;14.52;24.31;2022-07-14
183;5;23.07;17.41;20.6;2022-07-15
184;2;27.15;22.9;22.05;2022-07-16
185;6;22.74;35.23;2.77;2022-07-17
186;4;6.87;15.18;17.0;2022-07-18
187;3;22.7;5.03;3.98;2022-07-19
188;1;11.0;5.43;23.14;2022-07-20
189;7;25.85;6.19;22.65;2022-07-21
190;2;3.2;13.26;0.28;2022-07-22
191;6;13.6;9.67;10.22;2022-07-23
192;6;29.8;44.68;5.96;2022-07-24
193;7;27.42;44.32;10.57;2022-07-25
194;5;26.92;35.6;20.48;2022-07-26
195;7;17.22;24.96;0.57;2022-07-27
196;3;13.41;28.24;0.98;2022-07-28
197;6;27.15;23.64;26.06;2022-08-01
198;4;30.04;23.71;13.06;2022-08-02
199;4;26.01;27.96;20.33;2022-08-03
200;7;12.77;35.04;21.88;2022-08-04
201;5;30.28;16.48;12.72;2022-08-05
202;5;-9.15;33.49;19.89;2022-08-06
203;3;22.49;16.28;11.74;2022-08-07
204;3;21.86;45.8;15.62;2022-08-08
205;2;31.94;31.22;18.59;2022-08-09
206;7;22.22;30.17;10.95;2022-08-10
207;3;26.81;36.59;9.9;2022-08-11
208;6;-5.19;34.22;20.77;2022-08-12
209;7;-7.76;46.54;23.17;2022-08-13
210;3;25.14;38.65;12.57;2022-08-14
211;7;17.61;29.41;20.91;2022-08-15
212;2;30.99;49.16;0.28;2022-08-16
213;2;-9.32;49.35;5.27;2022-08-17
214;6;20.67;13.06;21.12;2022-08-18
215;1;22.37;7.17;8.94;2022-08-19
216;4;-2.24;19.83;4.02;2022-08-20
217;1;13.49;37.42;23.66;2022-08-21
218;2;-7.83;16.0;13.59;2022-08-22
219;1;12.73;3.42;2.92;2022-08-23
220;5;24.05;46.09;28.67;2022-08-24
221;1;-4.56;25.53;13.58;2022-08-25
222;5;32.53;12.44;27.62;2022-08-26
223;1;28.82;39.12;19.59;2022-08-27
224;3;19.4;48.66;22.83;2022-08-28
225;7;30.25;21.56;3.53;2022-09-01
226;6;7.87;2.18;0.29;2022-09-02
227;5;3.37;0.06;13.25;2022-09-03
228;7;15.88;43.35;16.52;2022-09-04
229;1;14.86;16.22;15.93;2022-09-05
230;1;34.86;41.95;5.6;2022-09-06
231;4;26.38;27.41;8.03;2022-09-07
232;3;25.12;12.08;28.68;2022-09-08
233;5;16.67;38.02;27.83;2022-09-09
234;5;21.94;23.17;19.69;2022-09-10
235;3;-2.07;24.82;23.18;2022-09-11
236;4;11.77;45.37;11.09;2022-09-12
237;1;14.55;28.49;6.37;2022-09-13
238;3;8.72;30.06;5.04;2022-09-14
239;4;-0.22;43.77;20.8;2022-09-15
240;6;24.82;1.8;4.97;2022-09-16
241;7;-7.04;24.49;10.47;2022-09-17
242;4;16.98;44.32;14.79;2022-09-18
243;6;-1.85;30.63;12.29;2022-09-19
244;1;34.07;16.04;8.97;2022-09-20
245;1;14.89;48.46;1.52;2022-09-21
246;5;19.22;38.16;1.56;2022-09-22
247;3;-8.85;12.32;19.24;2022-09-23
248;6;14.2;22.37;10.12;2022-09-24
249;7;24.59;32.04;24.63;2022-09-25
250;7;11.05;25.29;22.72;2022-09-26
251;3;12.49;30.69;20.26;2022-09-27
252;5;16.2;43.7;9.14;2022-09-28
253;6;10.09;37.13;17.82;2022-10-01
254;2;30.63;45.98;27.32;2022-10-02
255;1;-5.61;35.17;21.86;2022-10-03
256;7;0.57;38.91;6.82;2022-10-04
257;2;15.45;11.18;29.36;2022-10-05
258;3;24.23;36.32;13.03;2022-10-06
259;6;-8.9;9.4;27.96;2022-10-07
260;7;-8.12;28.93;6.16;2022-10-08
261;5;29.99;7.12;7.14;2022-10-09
262;5;23.06;21.01;16.75;2022-10-10
263;4;24.71;22.53;13.36;2022-10-11
264;2;33.67;3.75;0.34;2022-10-12
265;4;11.85;6.71;27.19;2022-10-13
266;5;-4.55;9.03;13.19;2022-10-14
267;3;34.65;5.58;6.1;2022-10-15
268;2;24.18;0.92;27.51;2022-10-16
269;3;23.58;1.63;6.56;2022-10-17
270;6;12.66;17.05;23.68;2022-10-18
271;6;-1.78;9.14;0.31;2022-10-19
272;7;18.75;23.93;18.87;2022-10-20
273;7;34.69;3.6;28.58;2022-10-21
274;5;-5.11;31.29;16.85;2022-10-22
275;1;-5.79;10.71;4.71;2022-10-23
276;4;30.93;36.53;4.72;2022-10-24
277;4;5.58;30.09;0.85;2022-10-25
278;7;29.67;12.39;0.31;2022-10-26
279;3;3.82;33.35;23.06;2022-10-27
280;2;22.54;18.9;1.55;2022-10-28
281;5;5.97;45.49;19.67;2022-11-01
282;2;15.11;34.62;1.44;2022-11-02
283;5;11.0;22.05;14.71;2022-11-03
284;3;30.16;22.76;3.76;2022-11-04
285;4;20.72;29.25;27.45;2022-11-05
286;6;33.21;15.33;29.29;2022-11-06
287;3;-6.34;48.17;3.44;2022-11-07
288;6;10.03;1.46;4.85;2022-11-08
289;2;6.74;22.27;24.06;2022-11-09
290;6;22.78;17.21;6.03;2022-11-10
291;4;23.41;31.84;24.0;2022-11-11
292;2;3.61;22.25;4.22;2022-11-12
293;3;0.47;18.33;6.41;2022-11-13
294;7;28.0;33.25;18.64;2022-11-14
295;6;-3.84;35.45;21.98;2022-11-15
296;7;-1.88;14.86;8.17;2022-11-16
297;1;23.9;15.37;11.71;2022-11-17
298;4;29.98;49.62;28.85;2022-11-18
299;3;12.08;15.77;11.68;2022-11-19
300;3;31.91;24.54;26.24;2022-11-20
301;7;17.67;33.57;3.48;2022-11-21
302;7;14.48;28.48;5.68;2022-11-22
303;4;-2.08;31.91;2.03;2022-11-23
304;2;16.12;47.81;5.28;2022-11-24
305;2;29.89;28.67;4.12;2022-11-25
306;1;18.67;21.95;16.91;2022-11-26
307;4;-4.73;20.3;10.72;2022-11-27
308;5;28.44;16.87;8.97;2022-11-28
309;1;-6.29;15.42;17.99;2022-12-01
310;2;13.22;37.36;28.98;2022-12-02
311;5;12.53;28.77;25.8;2022-12-03
312;2;8.51;48.18;5.15;2022-12-04
313;5;31.4;16.04;19.51;2022-12-05
314;1;29.16;21.72;18.66;2022-12-06
315;3;22.54;30.68;16.63;2022-12-07
316;3;29.32;15.75;21.31;2022-12-08
317;3;24.06;47.67;10.03;2022-12-09
318;4;-6.77;6.32;4.49;2022-12-10
319;2;0.26;6.89;27.66;2022-12-11
320;2;5.55;44.06;6.98;2022-12-12
321;7;-7.87;9.22;10.86;2022-12-13
322;7;34.83;24.6;25.73;2022-12-14
323;3;12.12;19.52;24.87;2022-12-15
324;6;-9.01;37.71;19.94;2022-12-16
325;3;2.03;19.65;4.08;2022-12-17
326;5;-4.03;49.42;28.35;2022-12-18
327;6;8.98;31.4;10.99;2022-12-19
328;6;1.72;36.7;5.87;2022-12-20
329;1;-3.88;21.89;17.62;2022-12-21
330;3;19.75;22.01;27.75;2022-12-22
331;1;8.04;5.38;20.33;2022-12-23
332;1;23.53;28.37;2.63;2022-12-24
333;6;-7.18;43.45;17.39;2022-12-25
334;4;7.77;5.9;6.91;2022-12-26
335;3;7.94;43.73;20.59;2022-12-27
336;3;12.13;33.23;16.89;2022-12-28
337;5;28.75;31.69;29.01;2023-01-01
338;4;16.54;35.04;16.21;2023-01-02
339;2;7.19;47.97;2.13;2023-01-03
340;6;-8.22;13.86;24.98;2023-01-04
341;3;-8.0;35.94;1.57;2023-01-05
342;5;31.67;13.85;25.46;2023-01-06
343;1;5.0;4.27;13.0;2023-01-07
344;4;16.19;47.72;22.42;2023-01-08
345;7;14.93;13.41;11.62;2023-01-09
346;5;12.25;0.82;0.27;2023-01-10
347;6;14.82;9.94;21.65;2023-01-11
348;2;17.6;10.1;7.69;2023-01-12
349;7;0.33;7.59;24.18;2023-01-13
350;1;3.78;7.14;27.4;2023-01-14
351;6;15.26;5.95;0.79;2023-01-15
352;3;0.2;33.76;3.73;2023-01-16
353;2;15.49;48.65;24.19;2023-01-17
354;1;29.36;22.88;23.47;2023-01-18
355;5;18.36;5.53;9.84;2023-01-19
356;1;-5.15;19.59;5.78;2023-01-20
357;4;28.92;43.91;15.64;2023-01-21
358;6;4.18;38.07;18.12;2023-01-22
359;1;-4.62;48.77;28.03;2023-01-23
360;3;30.08;3.37;4.51;2023-01-24
361;7;15.43;48.35;3.47;2023-01-25
362;7;6.42;10.4;26.67;2023-01-26
363;6;20.35;36.63;21.2;2023-01-27
364;4;16.02;17.01;18.76;2023-01-28
365;6;32.24;0.68;10.64;2023-02-01
366;2;27.84;2.23;15.52;2023-02-02
367;7;9.32;20.55;14.61;2023-02-03
368;1;27.48;19.98;0.55;2023-02-04
369;3;28.11;13.95;15.08;2023-02-05
370;6;-1.42;1.97;24.64;2023-02-06
371;7;8.61;27.3;15.37;2023-02-07
372;3;31.71;38.83;4.37;2023-02-08
373;1;13.63;34.54;12.43;2023-02-09
374;6;-7.36;3.24;0.83;2023-02-10
375;4;15.26;14.14;0.58;2023-02-11
376;4;33.69;24.8;6.87;2023-02-12
377;6;23.7;7.65;1.53;2023-02-13
378;6;11.4;45.94;24.35;2023-02-14
379;2;-3.71;15.1;14.86;2023-02-15
380;1;-3.91;21.35;0.95;2023-02-16
381;6;24.86;17.3;25.21;2023-02-17
382;1;26.75;7.23;1.31;2023-02-18
383;3;32.92;0.93;27.44;2023-02-19
384;3;32.83;20.1;6.2;2023-02-20
385;3;19.06;42.37;1.98;2023-02-21
386;3;31.48;13.76;19.34;2023-02-22
387;3;5.5;10.09;17.22;2023-02-23
388;7;10.33;24.94;4.61;2023-02-24
389;6;31.51;33.66;28.13;2023-02-25
390;3;6.19;46.91;24.41;2023-02-26
391;3;5.6;33.51;28.86;2023-02-27
392;2;15.55;46.8;20.88;2023-02-28
393;3;33.0;0.55;6.88;2023-03-01
394;3;26.79;19.8;10.93;2023-03-02
395;5;-9.53;31.59;18.25;2023-03-03
396;1;10.77;17.04;29.46;2023-03-04
397;7;0.19;2.65;11.36;2023-03-05
398;6;6.87;45.59;15.24;2023-03-06
399;5;10.81;3.65;23.7;2023-03-07
400;4;13.07;9.81;15.98;2023-03-08
401;5;32.15;34.22;14.19;2023-03-09
402;3;25.89;37.57;2.53;2023-03-10
403;4;-3.06;12.13;0.57;2023-03-11
404;5;-9.07;33.48;7.48;2023-03-12
405;6;17.31;32.66;27.26;2023-03-13
406;6;0.31;37.52;27.19;2023-03-14
407;5;25.44;17.97;6.21;2023-03-15
408;6;12.91;2.74;13.05;2023-03-16
409;6;28.61;12.44;1.19;2023-03-17
410;2;23.62;19.54;12.45;2023-03-18
411;2;0.85;32.24;29.72;2023-03-19
412;6;26.01;31.32;28.3;2023-03-20
413;4;20.51;16.74;15.65;2023-03-21
414;4;14.75;38.28;23.18;2023-03-22
415;2;33.17;28.53;7.32;2023-03-23
416;4;30.92;37.14;23.15;2023-03-24
417;7;33.05;19.09;17.88;2023-03-25
418;4;23.49;16.74;25.63;2023-03-26
419;6;26.1;28.49;25.89;2023-03-27
420;1;26.95;9.72;4.62;2023-03-28
421;6;10.97;39.41;26.81;2023-04-01
422;5;31.69;41.97;23.64;2023-04-02
423;3;19.69;22.6;2.24;2023-04-03
424;7;20.29;13.49;8.6;2023-04-04
425;4;-0.69;30.21;29.58;2023-04-05
426;3;27.65;22.21;27.44;2023-04-06
427;6;19.94;46.44;8.25;2023-04-07
428;4;17.53;19.28;3.67;2023-04-08
429;4;27.61;15.5;21.93;2023-04-09
430;1;0.05;15.17;14.19;2023-04-10
431;2;30.11;11.86;0.0;2023-04-11
432;4;11.01;43.8;1.92;2023-04-12
433;2;21.15;43.51;13.15;2023-04-13
434;3;25.86;38.03;13.27;2023-04-14
435;4;1.83;9.13;15.73;2023-04-15
436;4;-7.63;34.01;2.65;2023-04-16
437;4;22.89;10.44;25.25;2023-04-17
438;3;16.03;24.52;27.96;2023-04-18
439;5;30.32;34.31;27.8;2023-04-19
440;1;2.17;34.78;11.78;2023-04-20
441;1;29.31;34.85;3.87;2023-04-21
442;5;0.66;4.22;1.97;2023-04-22
443;3;16.44;46.88;0.62;2023-04-23
444;3;21.21;36.13;13.16;2023-04-24
445;2;-3.59;47.24;4.74;2023-04-25
446;6;26.35;43.54;20.18;2023-04-26
447;5;-3.55;15.51;15.0;2023-04-27
448;4;7.19;15.29;16.03;2023-04-28
449;2;34.79;38.24;27.2;2023-05-01
450;2;25.28;20.24;18.95;2023-05-02
451;7;31.93;0.25;21.52;2023-05-03
452;7;-9.82;18.45;22.5;2023-05-04
453;3;30.11;26.14;10.82;2023-05-05
454;6;21.0;23.62;8.38;2023-05-06
455;2;21.83;39.0;11.41;2023-05-07
456;1;32.34;42.57;28.47;2023-05-08
457;3;27.03;5.83;29.18;2023-05-09
458;7;25.63;42.26;18.42;2023-05-10
459;1;-6.46;48.97;14.17;2023-05-11
460;6;5.64;22.76;20.83;2023-05-12
461;1;25.0;11.85;17.6;2023-05-13
462;5;25.53;29.23;6.45;2023-05-14
463;7;22.02;17.71;27.84;2023-05-15
464;7;24.18;2.19;23.95;2023-05-16
465;3;31.76;19.88;9.27;2023-05-17
466;5;-7.31;13.1;7.37;2023-05-18
467;1;4.83;8.96;23.97;2023-05-19
468;2;-6.43;37.02;4.09;2023-05-20
469;2;-5.71;12.74;8.71;2023-05-21
470;3;0.0;39.29;3.44;2023-05-22
471;1;28.37;48.81;27.02;2023-05-23
472;1;7.25;45.81;0.34;2023-05-24
473;2;29.39;41.35;2.24;2023-05-25
474;7;34.57;28.81;4.14;2023-05-26
475;4;-2.59;47.87;5.75;2023-05-27
476;4;-8.02;31.68;15.91;2023-05-28
477;2;7.76;26.11;18.42;2023-06-01
478;2;16.04;23.54;29.69;2023-06-02
479;7;13.08;18.41;5.52;2023-06-03
480;3;24.48;29.5;18.56;2023-06-04
481;2;32.84;0.58;17.94;2023-06-05
482;1;33.78;14.29;7.58;2023-06-06
483;4;11.03;9.7;27.31;2023-06-07
484;6;0.68;26.2;16.9;2023-06-08
485;4;-6.18;18.85;28.12;2023-06-09
486;4;19.8;1.74;4.91;2023-06-10
487;7;10.76;20.19;24.92;2023-06-11
488;4;-8.76;35.87;14.96;2023-06-12
489;6;6.96;42.65;7.04;2023-06-13
490;3;23.59;28.97;28.67;2023-06-14
491;1;-4.25;12.15;2.75;2023-06-15
492;3;19.65;23.13;24.06;2023-06-16
493;7;27.59;17.15;5.43;2023-06-17
494;7;29.49;24.15;27.2;2023-06-18
495;7;-5.36;24.54;13.25;2023-06-19
496;1;24.6;28.38;25.47;2023-06-20
497;5;23.71;9.61;29.72;2023-06-21
498;3;18.21;41.77;8.95;2023-06-22
499;3;11.46;18.6;9.08;2023-06-23
500;2;23.92;20.69;0.58;2023-06-24
501;2;-1.57;39.43;27.72;2023-06-25
502;2;11.72;7.34;1.44;2023-06-26
503;3;10.28;3.16;21.56;2023-06-27
504;7;30.84;10.52;24.76;2023-06-28
505;3;31.7;20.21;23.81;2023-07-01
506;3;14.77;18.5;9.62;2023-07-02
507;6;20.87;1.15;8.55;2023-07-03
508;6;25.18;15.01;3.62;2023-07-04
509;5;17.75;7.21;15.86;2023-07-05
510;7;1.94;13.74;25.05;2023-07-06
511;6;24.15;23.36;17.74;2023-07-07
512;1;15.73;44.0;2.86;2023-07-08
513;3;21.93;6.45;11.89;2023-07-09
514;6;7.29;9.17;9.39;2023-07-10
515;3;16.71;7.27;15.36;2023-07-11
516;2;2.89;21.64;19.32;2023-07-12
517;5;5.14;4.76;15.12;2023-07-13
518;5;26.89;42.47;5.12;2023-07-14
519;5;6.26;40.14;22.29;2023-07-15
520;2;-1.3;42.16;12.35;2023-07-16
521;3;32.64;8.26;16.87;2023-07-17
522;1;25.81;22.6;17.51;2023-07-18
523;1;23.31;3.17;2.08;2023-07-19
524;4;7.4;43.23;5.19;2023-07-20
525;4;-8.08;21.28;8.76;2023-07-21
526;3;7.91;24.37;1.02;2023-07-22
527;1;19.39;33.07;5.15;2023-07-23
528;1;-2.33;28.33;7.44;2023-07-24
529;7;11.29;24.05;2.63;2023-07-25
530;3;16.34;8.3;26.02;2023-07-26
531;5;2.45;29.26;10.13;2023-07-27
532;4;0.52;21.38;7.58;2023-07-28
533;3;2.36;18.53;18.01;2023-08-01
534;2;15.95;23.7;14.12;2023-08-02
535;6;30.94;47.25;8.06;2023-08-03
536;4;23.39;12.56;18.58;2023-08-04
537;2;30.08;4.56;1.6;2023-08-05
538;6;12.69;16.83;14.75;2023-08-06
539;3;10.35;37.33;1.94;2023-08-07
540;6;-4.58;2.66;14.8;2023-08-08
541;1;33.36;35.63;22.06;2023-08-09
542;5;34.4;46.65;27.8;2023-08-10
543;1;6.17;10.96;1.82;2023-08-11
544;7;26.74;47.22;24.68;2023-08-12
545;6;7.32;29.48;1.63;2023-08-13
546;2;34.69;38.2;21.48;2023-08-14
547;3;3.55;36.74;22.46;2023-08-15
548;7;12.27;27.37;18.63;2023-08-16
549;3;28.89;49.97;12.48;2023-08-17
550;2;-5.38;5.17;17.2;2023-08-18
551;7;12.67;13.78;12.83;2023-08-19
552;7;20.16;1.09;18.59;2023-08-20
553;6;-2.63;49.37;8.05;2023-08-21
554;3;-8.93;35.97;18.45;2023-08-22
555;5;33.33;25.56;16.3;2023-08-23
556;7;-8.21;24.91;10.53;2023-08-24
557;2;-8.61;44.73;7.69;2023-08-25
558;1;-2.09;36.91;6.21;2023-08-26
559;5;-8.65;17.26;13.56;2023-08-27
560;6;22.64;43.92;25.81;2023-08-28
561;3;-0.72;34.99;15.07;2023-09-01
562;4;26.4;32.1;15.13;2023-09-02
563;3;17.69;8.03;19.56;2023-09-03
564;6;3.51;10.0;5.7;2023-09-04
565;4;10.85;5.98;8.78;2023-09-05
566;3;27.63;33.78;19.34;2023-09-06
567;2;27.0;41.68;15.19;2023-09-07
568;6;23.21;10.21;29.61;2023-09-08
569;2;1.8;20.66;11.44;2023-09-09
570;3;21.01;3.5;4.95;2023-09-10
571;1;33.62;22.98;17.91;2023-09-11
572;1;28.02;26.55;5.46;2023-09-12
573;3;0.8;29.49;8.84;2023-09-13
574;3;-2.42;0.91;28.98;2023-09-14
575;7;16.24;49.95;12.92;2023-09-15
576;2;17.16;23.07;1.19;2023-09-16
577;6;9.78;49.27;14.72;2023-09-17
578;1;21.26;28.4;27.77;2023-09-18
579;7;26.41;19.02;5.15;2023-09-19
580;4;5.85;7.11;23.76;2023-09-20
581;2;31.75;0.75;26.41;2023-09-21
582;6;10.35;33.9;19.39;2023-09-22
583;1;25.76;34.93;25.65;2023-09-23
584;2;13.43;0.25;26.02;2023-09-24
585;4;6.41;6.22;1.44;2023-09-25
586;2;-9.51;38.07;1.74;2023-09-26
587;6;33.04;10.29;15.44;2023-09-27
588;6;25.96;19.05;7.11;2023-09-28
589;1;25.23;35.01;14.59;2023-10-01
590;7;14.45;35.55;12.17;2023-10-02
591;7;27.38;2.17;21.66;2023-10-03
592;5;17.76;9.47;26.36;2023-10-04
593;5;11.05;42.02;16.97;2023-10-05
594;2;32.46;29.83;22.03;2023-10-06
595;5;-2.41;26.18;2.35;2023-10-07
596;3;10.74;3.78;16.04;2023-10-08
597;7;-1.14;25.36;10.85;2023-10-09
598;7;22.61;1.61;5.16;2023-10-10
599;2;7.48;0.04;28.93;2023-10-11
600;7;-4.07;42.38;11.51;2023-10-12
601;2;33.49;16.9;23.93;2023-10-13
602;4;1.45;33.39;26.88;2023-10-14
603;1;16.82;41.26;6.64;2023-10-15
604;2;-1.57;0.33;16.51;2023-10-16
605;1;-2.39;18.67;21.23;2023-10-17
606;5;21.17;10.11;13.93;2023-10-18
607;1;12.5;22.92;11.05;2023-10-19
608;5;2.24;8.67;6.79;2023-10-20
609;2;18.56;43.7;18.09;2023-10-21
610;4;18.22;47.67;16.22;2023-10-22
611;6;11.93;20.18;10.61;2023-10-23
612;2;-8.59;25.75;18.51;2023-10-24
613;7;-8.47;33.7;3.05;2023-10-25
614;4;30.62;18.73;12.72;2023-10-26
615;5;28.03;25.4;15.02;2023-10-27
616;2;30.09;30.27;18.23;2023-10-28
617;2;6.35;12.17;9.86;2023-11-01
618;5;11.74;33.38;26.14;2023-11-02
619;3;21.82;49.03;21.53;2023-11-03
620;2;9.38;12.31;20.85;2023-11-04
621;1;-1.9;41.46;10.82;2023-11-05
622;6;-4.97;10.21;18.84;2023-11-06
623;1;-7.18;44.83;23.62;2023-11-07
624;5;4.51;49.95;23.6;2023-11-08
625;3;16.74;47.9;11.74;2023-11-09
626;1;9.45;0.53;13.79;2023-11-10
627;7;6.98;3.48;19.76;2023-11-11
628;2;18.09;9.7;20.45;2023-11-12
629;4;26.47;38.37;4.83;2023-11-13
630;1;27.48;46.4;23.04;2023-11-14
631;1;33.52;28.21;26.54;2023-11-15
632;2;21.14;15.93;20.21;2023-11-16
633;4;-7.15;38.88;12.03;2023-11-17
634;1;-5.78;45.63;18.74;2023-11-18
635;7;21.21;48.44;27.42;2023-11-19
636;1;-3.5;35.92;17.31;2023-11-20
637;4;15.75;42.81;12.17;2023-11-21
638;2;-1.14;21.3;21.44;2023-11-22
639;4;-0.02;36.45;22.99;2023-11-23
640;2;12.04;13.63;17.67;2023-11-24
641;2;-6.04;37.29;15.86;2023-11-25
642;4;13.97;44.85;8.78;2023-11-26
643;1;19.77;13.26;28.79;2023-11-27
644;4;-8.33;43.96;28.18;2023-11-28
645;6;-3.18;22.87;10.02;2023-12-01
646;1;22.79;38.47;19.28;2023-12-02
647;1;32.17;26.86;19.77;2023-12-03
648;1;32.59;25.19;22.79;2023-12-04
649;6;4.43;39.65;12.34;2023-12-05
650;2;19.73;44.7;21.67;2023-12-06
651;4;3.03;36.77;14.92;2023-12-07
652;5;-7.08;7.08;20.25;2023-12-08
653;6;30.78;24.58;13.18;2023-12-09
654;5;30.56;45.53;19.2;2023-12-10
655;6;-7.38;7.7;16.85;2023-12-11
656;1;13.88;39.94;20.33;2023-12-12
657;3;-2.32;14.98;16.67;2023-12-13
658;6;13.94;29.48;14.24;2023-12-14
659;7;21.83;17.16;16.26;2023-12-15
660;6;13.22;1.49;20.06;2023-12-16
661;6;26.78;2.15;25.51;2023-12-17
662;4;-0.15;16.2;2.09;2023-12-18
663;5;32.41;27.8;13.7;2023-12-19
664;7;25.59;42.9;1.32;2023-12-20
665;6;22.48;32.49;25.81;2023-12-21
666;5;17.01;46.16;26.39;2023-12-22
667;4;29.21;37.4;6.76;2023-12-23
668;1;-6.09;35.39;17.09;2023-12-24
669;2;22.6;47.14;1.93;2023-12-25
670;3;25.34;23.51;5.49;2023-12-26
671;5;29.55;6.17;14.47;2023-12-27
672;3;20.32;17.43;28.43;2023-12-28
673;1;28.98;38.58;7.34;2024-01-01
674;7;19.57;35.41;14.73;2024-01-02
675;5;-6.96;5.0;22.42;2024-01-03
676;2;-8.88;11.43;19.25;2024-01-04
677;6;29.63;17.11;14.76;2024-01-05
678;4;8.6;27.89;21.43;2024-01-06
679;3;11.57;30.85;19.04;2024-01-07
680;3;6.27;36.25;15.83;2024-01-08
681;1;-5.16;34.25;13.56;2024-01-09
682;4;10.04;32.34;11.26;2024-01-10
683;3;-0.8;34.23;29.21;2024-01-11
684;3;15.8;2.94;27.88;2024-01-12
685;1;29.87;36.34;15.25;2024-01-13
686;4;1.08;46.99;17.84;2024-01-14
687;5;28.71;34.59;7.21;2024-01-15
688;7;15.03;6.23;20.21;2024-01-16
689;3;32.9;39.33;3.61;2024-01-17
690;4;5.53;10.77;23.38;2024-01-18
691;2;11.01;48.7;18.78;2024-01-19
692;7;16.2;40.52;11.01;2024-01-20
693;2;20.08;48.15;25.07;2024-01-21
694;5;-4.34;48.09;6.3;2024-01-22
695;1;-0.51;36.3;4.63;2024-01-23
696;4;6.96;13.57;24.71;2024-01-24
697;3;-0.61;16.08;15.73;2024-01-25
698;7;16.91;39.36;10.42;2024-01-26
699;1;23.36;41.11;6.76;2024-01-27
700;1;-9.4;43.46;26.02;2024-01-28
701;2;30.25;19.65;24.64;2024-02-01
702;2;-6.33;3.67;14.33;2024-02-02
703;2;33.44;11.37;6.43;2024-02-03
704;7;19.49;13.78;24.88;2024-02-04
705;5;-9.53;24.33;23.97;2024-02-05
706;6;3.28;28.44;5.1;2024-02-06
707;2;19.26;14.57;26.64;2024-02-07
708;2;25.28;8.93;1.13;2024-02-08
709;4;1.83;7.5;12.57;2024-02-09
710;7;30.33;25.76;26.41;2024-02-10
711;6;29.9;17.63;5.75;2024-02-11
712;5;34.97;16.58;26.33;2024-02-12
713;7;9.22;18.53;5.78;2024-02-13
714;4;33.17;26.06;17.91;2024-02-14
715;1;25.21;17.98;10.14;2024-02-15
716;6;18.44;36.01;1.06;2024-02-16
717;1;13.53;25.76;4.81;2024-02-17
718;5;7.73;29.15;24.29;2024-02-18
719;3;23.24;21.27;25.07;2024-02-19
720;7;33.46;13.11;10.36;2024-02-20
721;7;9.59;47.82;28.24;2024-02-21
722;1;9.27;43.71;18.43;2024-02-22
723;2;-8.56;14.92;3.2;2024-02-23
724;7;-5.79;26.26;10.89;2024-02-24
725;5;30.62;15.58;13.17;2024-02-25
726;7;16.07;21.94;4.57;2024-02-26
727;5;9.01;25.34;3.34;2024-02-27
728;4;20.23;40.71;7.84;2024-02-28
729;3;-3.62;21.79;23.4;2024-03-01
730;6;9.86;4.96;3.41;2024-03-02
731;2;-7.06;47.65;20.87;2024-03-03
732;4;2.55;37.35;21.21;2024-03-04
733;6;24.28;41.07;27.9;2024-03-05
734;2;23.99;19.26;2.18;2024-03-06
735;4;26.75;22.69;8.45;2024-03-07
736;6;5.75;39.7;7.41;2024-03-08
737;3;-8.11;18.42;1.26;2024-03-09
738;1;25.57;36.75;9.4;2024-03-10
739;3;-3.68;48.24;27.88;2024-03-11
740;2;22.64;10.96;7.97;2024-03-12
741;4;34.6;5.43;12.31;2024-03-13
742;3;17.67;17.77;5.97;2024-03-14
743;2;1.56;39.55;2.41;2024-03-15
744;5;3.13;10.94;17.4;2024-03-16
745;3;6.61;32.27;12.64;2024-03-17
746;1;21.81;47.71;11.16;2024-03-18
747;7;10.41;27.02;7.05;2024-03-19
748;5;-5.94;46.93;22.91;2024-03-20
749;2;17.94;6.85;12.75;2024-03-21
750;7;5.2;26.16;12.2;2024-03-22
751;7;21.56;33.16;20.1;2024-03-23
752;4;24.08;30.57;7.99;2024-03-24
753;6;7.26;26.81;25.31;2024-03-25
754;7;11.53;13.74;6.55;2024-03-26
755;6;26.17;48.69;14.61;2024-03-27
756;2;3.28;7.81;19.88;2024-03-28
757;5;20.09;48.14;15.01;2024-04-01
758;3;-2.27;27.06;23.45;2024-04-02
759;6;12.05;19.19;29.06;2024-04-03
760;7;3.58;34.8;24.3;2024-04-04
761;2;-2.16;0.49;2.25;2024-04-05
762;6;-8.65;2.25;12.17;2024-04-06
763;1;9.02;14.47;26.91;2024-04-07
764;4;25.82;3.38;20.82;2024-04-08
765;4;18.63;14.49;27.37;2024-04-09
766;5;34.56;42.88;25.64;2024-04-10
767;1;1.53;41.34;5.56;2024-04-11
768;7;0.9;10.99;24.6;2024-04-12
769;5;-3.9;28.52;22.91;2024-04-13
770;3;16.83;22.9;6.19;2024-04-14
771;4;2.76;6.46;17.04;2024-04-15
772;6;32.34;15.66;22.35;2024-04-16
773;3;0.47;36.4;18.1;2024-04-17
774;7;13.47;14.01;13.05;2024-04-18
775;6;18.33;6.16;21.85;2024-04-19
776;5;17.84;26.32;29.75;2024-04-20
777;7;10.2;41.0;28.46;2024-04-21
778;1;13.51;19.0;24.78;2024-04-22
779;1;3.9;24.6;26.1;2024-04-23
780;2;34.53;28.3;17.9;2024-04-24
781;3;20.97;22.3;22.63;2024-04-25
782;1;11.42;24.5;27.56;2024-04-26
783;6;23.36;14.09;24.4;2024-04-27
784;3;-8.28;47.23;8.77;2024-04-28
785;5;27.98;25.47;28.7;2024-05-01
786;4;11.41;29.93;8.17;2024-05-02
787;4;12.41;35.47;24.06;2024-05-03
788;5;34.13;30.51;19.29;2024-05-04
789;6;16.7;6.3;2.02;2024-05-05
790;7;-7.67;18.2;22.69;2024-05-06
791;4;26.61;12.16;16.96;2024-05-07
792;3;2.85;45.19;21.8;2024-05-08
793;4;28.66;44.26;27.01;2024-05-09
794;3;33.05;2.73;8.59;2024-05-10
795;3;31.62;43.55;4.01;2024-05-11
796;5;23.73;47.67;3.66;2024-05-12
797;3;10.97;43.68;19.18;2024-05-13
798;2;22.01;16.79;0.17;2024-05-14
799;3;1.96;47.16;15.04;2024-05-15
800;7;0.7;24.58;15.85;2024-05-16
801;4;21.59;3.14;25.15;2024-05-17
802;2;23.2;14.11;22.49;2024-05-18
803;1;11.11;43.1;25.92;2024-05-19
804;5;1.32;23.61;6.27;2024-05-20
805;6;15.61;47.98;21.21;2024-05-21
806;5;21.44;35.06;7.07;2024-05-22
807;4;34.46;42.47;10.61;2024-05-23
808;6;-2.83;31.24;15.43;2024-05-24
809;2;18.84;16.39;12.02;2024-05-25
810;6;-5.17;40.19;4.57;2024-05-26
811;3;32.75;39.14;23.7;2024-05-27
812;6;24.12;22.26;16.24;2024-05-28
813;1;23.58;12.11;26.36;2024-06-01
814;6;15.62;48.56;20.12;2024-06-02
815;3;1.25;1.96;17.12;2024-06-03
816;1;26.81;47.29;23.81;2024-06-04
817;2;-2.32;40.44;16.38;2024-06-05
818;4;9.73;0.02;17.59;2024-06-06
819;2;29.19;11.54;28.12;2024-06-07
820;4;11.47;46.67;14.46;2024-06-08
821;5;19.8;13.11;5.01;2024-06-09
822;1;23.91;13.66;5.25;2024-06-10
823;6;28.67;7.64;10.15;2024-06-11
824;4;26.63;49.45;11.36;2024-06-12
825;1;20.56;13.28;26.25;2024-06-13
826;6;2.09;25.82;7.82;2024-06-14
827;2;17.25;0.69;23.29;2024-06-15
828;5;-6.04;47.03;10.99;2024-06-16
829;2;8.15;29.52;16.58;2024-06-17
830;7;-2.36;3.11;12.36;2024-06-18
831;2;14.77;13.66;9.23;2024-06-19
832;2;7.16;49.61;10.8;2024-06-20
833;7;1.05;6.8;15.68;2024-06-21
834;1;8.99;28.08;8.01;2024-06-22
835;5;1.2;26.44;16.82;2024-06-23
836;6;19.53;3.62;16.26;2024-06-24
837;2;13.63;20.76;4.68;2024-06-25
838;7;4.6;1.99;13.33;2024-06-26
839;4;-7.53;7.05;25.39;2024-06-27
840;7;22.24;37.07;7.69;2024-06-28
841;5;4.97;34.66;25.53;2024-07-01
842;4;6.81;48.6;0.22;2024-07-02
843;5;28.49;22.06;27.31;2024-07-03
844;7;6.48;1.48;20.97;2024-07-04
845;3;20.89;16.53;25.08;2024-07-05
846;7;26.33;29.7;6.54;2024-07-06
847;4;2.21;29.5;12.73;2024-07-07
848;3;18.98;16.57;18.99;2024-07-08
849;1;13.89;35.22;7.54;2024-07-09
850;4;10.31;36.97;20.58;2024-07-10
851;2;-9.5;45.04;27.64;2024-07-11
852;2;21.73;20.94;17.25;2024-07-12
853;7;30.87;40.65;10.04;2024-07-13
854;4;8.06;26.89;18.26;2024-07-14
855;4;34.72;31.77;11.37;2024-07-15
856;3;4.9;7.65;9.25;2024-07-16
857;5;3.09;31.34;17.94;2024-07-17
858;4;20.65;33.11;19.81;2024-07-18
859;1;-8.06;23.61;26.18;2024-07-19
860;5;22.49;24.86;29.93;2024-07-20
861;2;-7.68;16.82;12.68;2024-07-21
862;1;14.76;45.61;13.81;2024-07-22
863;2;30.57;15.78;1.12;2024-07-23
864;1;33.63;11.56;7.43;2024-07-24
865;3;27.06;22.11;18.38;2024-07-25
866;2;14.08;33.16;1.86;2024-07-26
867;1;14.87;20.11;23.08;2024-07-27
868;5;-3.51;28.04;11.84;2024-07-28
869;2;-9.65;31.73;8.1;2024-08-01
870;3;32.32;25.89;18.51;2024-08-02
871;1;9.15;21.33;10.58;2024-08-03
872;6;-0.49;35.87;10.13;2024-08-04
873;7;15.33;47.96;9.87;2024-08-05
874;1;28.69;4.83;8.86;2024-08-06
875;6;12.0;32.04;10.45;2024-08-07
876;3;32.56;9.11;12.43;2024-08-08
877;6;-9.39;32.5;25.85;2024-08-09
878;5;6.67;4.38;17.59;2024-08-10
879;2;3.22;48.16;28.31;2024-08-11
880;7;22.5;1.65;14.64;2024-08-12
881;5;28.62;49.7;10.85;2024-08-13
882;4;-3.95;37.98;6.77;2024-08-14
883;2;27.32;3.38;0.26;2024-08-15
884;7;-3.6;41.87;1.0;2024-08-16
885;2;23.29;49.33;5.89;2024-08-17
886;1;1.15;45.65;1.47;2024-08-18
887;7;2.77;44.08;13.18;2024-08-19
888;1;5.86;12.62;20.54;2024-08-20
889;4;25.79;44.23;16.93;2024-08-21
890;2;4.49;43.71;6.7;2024-08-22
891;2;23.05;14.52;16.71;2024-08-23
892;1;8.47;45.96;2.07;2024-08-24
893;4;22.2;10.79;28.76;2024-08-25
894;5;22.44;7.76;7.31;2024-08-26
895;5;29.09;38.48;10.43;2024-08-27
896;1;0.16;43.95;22.67;2024-08-28
897;4;1.97;6.95;13.2;2024-09-01
898;1;17.33;13.52;2.55;2024-09-02
899;1;-2.66;42.89;3.55;2024-09-03
900;1;-6.35;29.28;2.05;2024-09-04
901;5;22.18;38.47;9.41;2024-09-05
902;2;7.01;1.16;28.02;2024-09-06
903;4;-5.03;21.95;2.99;2024-09-07
904;6;5.64;18.17;22.07;2024-09-08
905;4;-6.38;41.14;28.84;2024-09-09
906;7;25.31;12.89;20.2;2024-09-10
907;6;18.84;45.06;28.07;2024-09-11
908;2;31.09;20.23;12.11;2024-09-12
909;6;19.59;39.62;6.79;2024-09-13
910;2;30.32;0.02;10.96;2024-09-14
911;5;16.99;40.21;13.52;2024-09-15
912;3;27.1;49.0;14.51;2024-09-16
913;1;-9.51;5.89;21.95;2024-09-17
914;4;7.75;22.51;8.91;2024-09-18
915;7;-4.71;32.35;15.02;2024-09-19
916;2;2.08;35.08;5.1;2024-09-20
917;7;11.98;3.76;27.74;2024-09-21
918;5;-9.77;36.43;1.15;2024-09-22
919;6;11.92;35.5;24.82;2024-09-23
920;4;23.95;12.23;14.18;2024-09-24
921;4;3.68;10.23;20.65;2024-09-25
922;1;9.89;0.03;17.49;2024-09-26
923;2;-1.24;0.3;28.41;2024-09-27
924;7;20.93;41.88;4.89;2024-09-28
925;6;8.44;46.33;6.37;2024-10-01
926;3;32.21;39.88;17.64;2024-10-02
927;5;27.17;3.6;11.96;2024-10-03
928;3;16.14;42.43;23.74;2024-10-04
929;3;4.26;43.67;14.8;2024-10-05
930;2;32.92;22.17;1.33;2024-10-06
931;5;33.74;9.0;25.56;2024-10-07
932;4;8.63;41.22;5.33;2024-10-08
933;2;-8.03;20.43;23.26;2024-10-09
934;6;7.83;20.88;2.49;2024-10-10
935;5;13.85;26.31;28.14;2024-10-11
936;7;14.19;49.21;0.25;2024-10-12
937;6;24.45;18.68;23.87;2024-10-13
938;1;32.17;22.42;12.2;2024-10-14
939;6;32.56;39.51;1.16;2024-10-15
940;5;0.63;21.33;6.37;2024-10-16
941;4;10.53;14.74;1.21;2024-10-17
942;5;23.59;48.97;23.64;2024-10-18
943;7;-7.91;47.09;11.38;2024-10-19
944;3;26.98;30.42;27.09;2024-10-20
945;7;20.17;31.78;25.17;2024-10-21
946;4;9.3;48.58;28.63;2024-10-22
947;7;19.01;5.84;8.96;2024-10-23
948;5;-2.09;13.96;0.28;2024-10-24
949;1;-0.44;21.65;16.21;2024-10-25
950;2;-6.82;4.34;23.49;2024-10-26
951;1;20.73;47.35;6.49;2024-10-27
952;5;7.14;5.71;25.43;2024-10-28
953;5;10.09;32.51;23.67;2024-11-01
954;7;6.92;31.28;4.11;2024-11-02
955;5;1.37;43.32;5.8;2024-11-03
956;6;2.01;36.41;17.45;2024-11-04
957;3;12.43;6.44;23.78;2024-11-05
958;7;23.24;30.97;6.6;2024-11-06
959;7;33.82;33.54;7.46;2024-11-07
960;3;12.27;4.61;0.38;2024-11-08
961;1;3.69;16.01;1.73;2024-11-09
962;4;12.95;41.36;12.56;2024-11-10
963;5;-0.78;45.78;15.34;2024-11-11
964;3;9.09;29.64;16.14;2024-11-12
965;2;30.65;5.38;16.73;2024-11-13
966;2;13.79;2.41;2.68;2024-11-14
967;6;9.18;39.92;10.65;2024-11-15
968;6;22.57;9.79;1.96;2024-11-16
969;3;18.28;36.21;25.93;2024-11-17
970;6;15.07;36.59;5.39;2024-11-18
971;5;-6.1;42.84;5.59;2024-11-19
972;6;3.35;37.81;1.01;2024-11-20
973;2;-2.59;0.8;5.4;2024-11-21
974;7;5.47;27.53;14.5;2024-11-22
975;2;-9.09;14.65;18.35;2024-11-23
976;2;32.01;4.93;0.61;2024-11-24
977;3;17.71;12.56;7.2;2024-11-25
978;6;8.56;25.84;26.13;2024-11-26
979;6;26.35;46.61;5.0;2024-11-27
980;4;-7.04;36.24;6.61;2024-11-28
981;2;-3.68;5.47;1.82;2024-12-01
982;6;15.36;43.06;13.93;2024-12-02
983;3;13.44;14.84;22.58;2024-12-03
984;2;33.36;29.59;23.88;2024-12-04
985;1;23.15;35.53;16.97;2024-12-05
986;7;25.62;2.04;24.24;2024-12-06
987;4;-5.34;39.82;2.33;2024-12-07
988;2;15.91;19.68;28.14;2024-12-08
989;5;7.09;15.86;7.12;2024-12-09
990;3;12.76;45.25;2.72;2024-12-10
991;5;25.54;1.33;25.39;2024-12-11
992;1;23.77;35.58;4.88;2024-12-12
993;6;22.8;9.26;0.71;2024-12-13
994;7;-4.69;14.74;23.8;2024-12-14
995;5;9.27;14.15;27.98;2024-12-15
996;2;28.34;29.15;6.89;2024-12-16
997;4;9.43;15.52;5.06;2024-12-17
998;3;-9.48;29.55;28.79;2024-12-18
999;5;27.75;11.99;28.2;2024-12-19
1000;5;19.02;7.94;6.94;2024-12-20
1001;5;23.73;42.3;8.98;2024-12-21
1002;7;2.75;15.76;8.79;2024-12-22
1003;1;10.26;15.44;19.91;2024-12-23
1004;6;30.63;15.28;2.04;2024-12-24
1005;3;-4.29;31.36;27.52;2024-12-25
1006;5;7.63;46.57;24.97;2024-12-26
1007;6;9.16;16.39;6.23;2024-12-27
1008;2;8.9;36.7;21.6;2024-12-28
